processo,origem,tipo,classe,data_da_decisao,rel,orgao_julgador,resultado,origem,fundamento,motivo,prestação,exclusão
50412245820224047000,Turmas Recursais,Acórdão,MANDADO DE SEGURANÇA TR,07/06/2023,GERSON LUIZ ROCHA,PRIMEIRA TURMA RECURSAL DO PR,declinada,justiça estadual,5.2,inclusão da União no polo passivo de ofício,medicamento,
50079211220204047004,Turmas Recursais,Acórdão,RECURSO CÍVEL,07/06/2023,GERSON LUIZ ROCHA,PRIMEIRA TURMA RECURSAL DO PR,,,,embargos de declaração,medicamento,não analisou
50043662920214047011,Turmas Recursais,Acórdão,RECURSO CÍVEL,07/06/2023,GERSON LUIZ ROCHA,PRIMEIRA TURMA RECURSAL DO PR,,,,embargos de declaração,medicamento,não analisou
50568996120224047000,Turmas Recursais,Acórdão,MANDADO DE SEGURANÇA TR,07/06/2023,GERSON LUIZ ROCHA,PRIMEIRA TURMA RECURSAL DO PR,mantida,justiça estadual,5.3,sentenciado,medicamento,
50069437620224047000,Turmas Recursais,Acórdão,RECURSO CÍVEL,07/06/2023,GERSON LUIZ ROCHA,PRIMEIRA TURMA RECURSAL DO PR,,,,embargos de declaração,medicamento,não analisou
50041451120234047000,Turmas Recursais,Acórdão,MANDADO DE SEGURANÇA TR,07/06/2023,GERSON LUIZ ROCHA,PRIMEIRA TURMA RECURSAL DO PR,declinada,justiça estadual,5.3,sentenciado,medicamento,
50219074520204047000,Turmas Recursais,Acórdão,RECURSO CÍVEL,07/06/2023,NICOLAU KONKEL JÚNIOR,PRIMEIRA TURMA RECURSAL DO PR,,,decisão de afetação,,medicamento,não analisou
50056382320234047000,Turmas Recursais,Acórdão,MANDADO DE SEGURANÇA TR,07/06/2023,NICOLAU KONKEL JÚNIOR,PRIMEIRA TURMA RECURSAL DO PR,declinada,justiça estadual,5.3,sentenciado,medicamento,
50759006620214047000,Turmas Recursais,Acórdão,MANDADO DE SEGURANÇA TR,07/06/2023,RODRIGO DE SOUZA CRUZ,PRIMEIRA TURMA RECURSAL DO PR,,,,,medicamento,situação anterior
50577070320214047000,Turmas Recursais,Acórdão,MANDADO DE SEGURANÇA TR,07/06/2023,RODRIGO DE SOUZA CRUZ,PRIMEIRA TURMA RECURSAL DO PR,declinada,justiça estadual,5.3,sentenciado,medicamento,
50460073020214047000,Turmas Recursais,Acórdão,RECURSO CÍVEL,07/06/2023,RODRIGO DE SOUZA CRUZ,PRIMEIRA TURMA RECURSAL DO PR,,,,,medicamento,não analisou
50211675320214047000,Turmas Recursais,Acórdão,RMC - RECURSO DE MEDIDA CAUTELAR,07/06/2023,RODRIGO DE SOUZA CRUZ,PRIMEIRA TURMA RECURSAL DO PR,declinada,justiça estadual,5.3,sentenciado,medicamento,
50208765320214047000,Turmas Recursais,Acórdão,MANDADO DE SEGURANÇA TR,07/06/2023,RODRIGO DE SOUZA CRUZ,PRIMEIRA TURMA RECURSAL DO PR,declinada,justiça estadual,5.3,sentenciado,medicamento,
50161252320214047000,Turmas Recursais,Acórdão,MANDADO DE SEGURANÇA TR,07/06/2023,RODRIGO DE SOUZA CRUZ,PRIMEIRA TURMA RECURSAL DO PR,declinada,justiça estadual,5.3,sentenciado,medicamento,
50153062020204047001,Turmas Recursais,Acórdão,RECURSO CÍVEL,07/06/2023,RODRIGO DE SOUZA CRUZ,PRIMEIRA TURMA RECURSAL DO PR,mantida,justiça estadual,5.3,proposta contra a União,medicamento,
50831392420214047000,Turmas Recursais,Acórdão,MANDADO DE SEGURANÇA TR,07/06/2023,RODRIGO DE SOUZA CRUZ,PRIMEIRA TURMA RECURSAL DO PR,declinada,justiça estadual,5.3,sentenciado,medicamento,
50810953220214047000,Turmas Recursais,Acórdão,MANDADO DE SEGURANÇA TR,07/06/2023,RODRIGO DE SOUZA CRUZ,PRIMEIRA TURMA RECURSAL DO PR,declinada,justiça estadual,5.3,sentenciado,medicamento,
50768507520214047000,Turmas Recursais,Acórdão,MANDADO DE SEGURANÇA TR,07/06/2023,RODRIGO DE SOUZA CRUZ,PRIMEIRA TURMA RECURSAL DO PR,declinada,justiça estadual,5.3,sentenciado,medicamento,
50760062820214047000,Turmas Recursais,Acórdão,MANDADO DE SEGURANÇA TR,07/06/2023,RODRIGO DE SOUZA CRUZ,PRIMEIRA TURMA RECURSAL DO PR,declinada,justiça estadual,5.3,sentenciado,medicamento,
50727256420214047000,Turmas Recursais,Acórdão,MANDADO DE SEGURANÇA TR,07/06/2023,RODRIGO DE SOUZA CRUZ,PRIMEIRA TURMA RECURSAL DO PR,declinada,justiça estadual,5.3,sentenciado,medicamento,
50716153020214047000,Turmas Recursais,Acórdão,MANDADO DE SEGURANÇA TR,07/06/2023,RODRIGO DE SOUZA CRUZ,PRIMEIRA TURMA RECURSAL DO PR,declinada,justiça estadual,5.3,sentenciado,medicamento,
50660594720214047000,Turmas Recursais,Acórdão,MANDADO DE SEGURANÇA TR,07/06/2023,RODRIGO DE SOUZA CRUZ,PRIMEIRA TURMA RECURSAL DO PR,declinada,justiça estadual,5.3,sentenciado,medicamento,
50546126220214047000,Turmas Recursais,Acórdão,MANDADO DE SEGURANÇA TR,07/06/2023,RODRIGO DE SOUZA CRUZ,PRIMEIRA TURMA RECURSAL DO PR,declinada,justiça estadual,5.3,sentenciado,medicamento,
50456071620214047000,Turmas Recursais,Acórdão,MANDADO DE SEGURANÇA TR,07/06/2023,RODRIGO DE SOUZA CRUZ,PRIMEIRA TURMA RECURSAL DO PR,declinada,justiça estadual,5.3,sentenciado,medicamento,
50442162620214047000,Turmas Recursais,Acórdão,MANDADO DE SEGURANÇA TR,07/06/2023,RODRIGO DE SOUZA CRUZ,PRIMEIRA TURMA RECURSAL DO PR,declinada,justiça estadual,5.3,sentenciado,medicamento,
50129459620214047000,Turmas Recursais,Acórdão,MANDADO DE SEGURANÇA TR,07/06/2023,RODRIGO DE SOUZA CRUZ,PRIMEIRA TURMA RECURSAL DO PR,declinada,justiça estadual,5.3,sentenciado,medicamento,
50050923620214047000,Turmas Recursais,Acórdão,MANDADO DE SEGURANÇA TR,07/06/2023,RODRIGO DE SOUZA CRUZ,PRIMEIRA TURMA RECURSAL DO PR,declinada,justiça estadual,5.3,sentenciado,medicamento,
50092914920224047200,Turmas Recursais,Acórdão,MANDADO DE SEGURANÇA TR,30/05/2023,ADRIANO VITALINO DOS SANTOS,TERCEIRA TURMA RECURSAL DE SC,,,,,,sobrestou
50052417720224047200,Turmas Recursais,Acórdão,MANDADO DE SEGURANÇA TR,30/05/2023,ADRIANO VITALINO DOS SANTOS,TERCEIRA TURMA RECURSAL DE SC,,,,,,sobrestou
50127463220214047208,Turmas Recursais,Acórdão,RECURSO CÍVEL,30/05/2023,ANTONIO FERNANDO SCHENKEL DO AMARAL E SILVA,TERCEIRA TURMA RECURSAL DE SC,,,,embargos de declaração,,não analisou
50100588720224047200,Turmas Recursais,Acórdão,MANDADO DE SEGURANÇA TR,30/05/2023,ANTONIO FERNANDO SCHENKEL DO AMARAL E SILVA,TERCEIRA TURMA RECURSAL DE SC,,,,,medicamento,não analisou
50356108820214047200,Turmas Recursais,Acórdão,MANDADO DE SEGURANÇA TR,30/05/2023,ANTONIO FERNANDO SCHENKEL DO AMARAL E SILVA,TERCEIRA TURMA RECURSAL DE SC,,,,,,sobrestou
50342692720214047200,Turmas Recursais,Acórdão,MANDADO DE SEGURANÇA TR,30/05/2023,ANTONIO FERNANDO SCHENKEL DO AMARAL E SILVA,TERCEIRA TURMA RECURSAL DE SC,,,,,,sobrestou
50052163020234047200,Turmas Recursais,Acórdão,MANDADO DE SEGURANÇA TR,30/05/2023,ANTONIO FERNANDO SCHENKEL DO AMARAL E SILVA,TERCEIRA TURMA RECURSAL DE SC,mantida,justiça estadual,tema 793 prevalece,,medicamento,
50050509520234047200,Turmas Recursais,Acórdão,MANDADO DE SEGURANÇA TR,30/05/2023,ANTONIO FERNANDO SCHENKEL DO AMARAL E SILVA,TERCEIRA TURMA RECURSAL DE SC,mantida,justiça estadual,tema 793 prevalece,,medicamento,
50135829320114047001,TRF4,DecisãoMonocrática,Apelação/Remessa Necessária,16/06/2023,FERNANDO QUADROS DA SILVA,VICE-PRESIDÊNCIA,,,,,,sobrestou
50089762220114047001,TRF4,DecisãoMonocrática,Apelação/Remessa Necessária,16/06/2023,FERNANDO QUADROS DA SILVA,VICE-PRESIDÊNCIA,,,,,,sobrestou
50188133520234040000,TRF4,DecisãoMonocrática,AG - AGRAVO DE INSTRUMENTO,16/06/2023,HERMES SIEDLER DA CONCEIÇÃO JÚNIOR,QUINTA TURMA,declinada,justiça estadual,5.2,inclusão da União por emenda à inicial,medicamento,
50185604720234040000,TRF4,DecisãoMonocrática,AG - AGRAVO DE INSTRUMENTO,16/06/2023,HERMES SIEDLER DA CONCEIÇÃO JÚNIOR,QUINTA TURMA,declinada,justiça estadual,5.2,inclusão da União no polo passivo de ofício,procedimento não padronizado,
50191087220234040000,TRF4,DecisãoMonocrática,AG - AGRAVO DE INSTRUMENTO,16/06/2023,TAÍS SCHILLING FERRAZ,SEXTA TURMA,declinada,justiça estadual,5.2,inclusão da União por emenda à inicial,medicamento,
50188575420234040000,TRF4,DecisãoMonocrática,AG - AGRAVO DE INSTRUMENTO,16/06/2023,TAÍS SCHILLING FERRAZ,SEXTA TURMA,mantida,justiça estadual,5.1,oncológico,medicamento,
50182252820234040000,TRF4,DecisãoMonocrática,AG - AGRAVO DE INSTRUMENTO,16/06/2023,TAÍS SCHILLING FERRAZ,SEXTA TURMA,declinada,justiça estadual,5.2,inclusão da União por emenda à inicial,medicamento,
50182235820234040000,TRF4,DecisãoMonocrática,AG - AGRAVO DE INSTRUMENTO,16/06/2023,TAÍS SCHILLING FERRAZ,SEXTA TURMA,declinada,justiça estadual,5.2,inclusão da União por emenda à inicial,medicamento,
50201878620234040000,TRF4,DecisãoMonocrática,AG - AGRAVO DE INSTRUMENTO,16/06/2023,TAÍS SCHILLING FERRAZ,SEXTA TURMA,mantida,justiça estadual,5.1,oncológico,medicamento,
50203653520234040000,TRF4,DecisãoMonocrática,AG - AGRAVO DE INSTRUMENTO,16/06/2023,TAÍS SCHILLING FERRAZ,SEXTA TURMA,mantida,justiça estadual,5.1,oncológico,medicamento,
50478980320224040000,TRF4,DecisãoMonocrática,AG - AGRAVO DE INSTRUMENTO,15/06/2023,FERNANDO QUADROS DA SILVA,VICE-PRESIDÊNCIA,,,,,,sobrestou
50402930620224040000,TRF4,DecisãoMonocrática,AG - AGRAVO DE INSTRUMENTO,15/06/2023,FERNANDO QUADROS DA SILVA,VICE-PRESIDÊNCIA,,,,,,sobrestou
50397223520224040000,TRF4,DecisãoMonocrática,AG - AGRAVO DE INSTRUMENTO,15/06/2023,FERNANDO QUADROS DA SILVA,VICE-PRESIDÊNCIA,,,,,,sobrestou
50073149820174047102,TRF4,DecisãoMonocrática,AC - APELAÇÃO CIVEL,15/06/2023,FERNANDO QUADROS DA SILVA,VICE-PRESIDÊNCIA,,,,,,sobrestou
50061921420214047101,TRF4,DecisãoMonocrática,AC - APELAÇÃO CIVEL,15/06/2023,FERNANDO QUADROS DA SILVA,VICE-PRESIDÊNCIA,,,,,,sobrestou
50184886020234040000,TRF4,DecisãoMonocrática,AG - AGRAVO DE INSTRUMENTO,15/06/2023,MÁRCIO ANTÔNIO ROCHA,DÉCIMA TURMA,mantida,justiça estadual,5.1,,medicamento,
50189865920234040000,TRF4,DecisãoMonocrática,AG - AGRAVO DE INSTRUMENTO,15/06/2023,HERMES SIEDLER DA CONCEIÇÃO JÚNIOR,QUINTA TURMA,mantida,justiça estadual,5.2,inclusão da União por emenda à inicial,medicamento,
50188211220234040000,TRF4,DecisãoMonocrática,AG - AGRAVO DE INSTRUMENTO,15/06/2023,HERMES SIEDLER DA CONCEIÇÃO JÚNIOR,QUINTA TURMA,mantida,justiça estadual,5.2,inclusão da União por emenda à inicial,medicamento,
50193823620234040000,TRF4,DecisãoMonocrática,AG - AGRAVO DE INSTRUMENTO,15/06/2023,HERMES SIEDLER DA CONCEIÇÃO JÚNIOR,QUINTA TURMA,mantida,justiça estadual,5.2,inclusão da União por emenda à inicial,medicamento,
50195122620234040000,TRF4,DecisãoMonocrática,AG - AGRAVO DE INSTRUMENTO,15/06/2023,HERMES SIEDLER DA CONCEIÇÃO JÚNIOR,QUINTA TURMA,mantida,justiça estadual,5.2,inclusão da União por emenda à inicial,insumo,
50195832820234040000,TRF4,DecisãoMonocrática,AG - AGRAVO DE INSTRUMENTO,15/06/2023,HERMES SIEDLER DA CONCEIÇÃO JÚNIOR,QUINTA TURMA,declinada,justiça estadual,5.2,inclusão da União no polo passivo de ofício,,
50202796420234040000,TRF4,DecisãoMonocrática,AG - AGRAVO DE INSTRUMENTO,15/06/2023,SEBASTIÃO OGÊ MUNIZ,NONA TURMA,mantida,justiça federal,5.2,proposta contra a União,medicamento,
50052195120234040000,TRF4,DecisãoMonocrática,AG - AGRAVO DE INSTRUMENTO,14/06/2023,CELSO KIPPER,NONA TURMA,mantida,justiça estadual,5.1,oncológico,medicamento,
50199159220234040000,TRF4,DecisãoMonocrática,AG - AGRAVO DE INSTRUMENTO,14/06/2023,ALEXANDRE GONÇALVES LIPPEL,QUINTA TURMA,mantida,justiça estadual,5.1,grupo 1A,medicamento,
50201246120234040000,TRF4,DecisãoMonocrática,AG - AGRAVO DE INSTRUMENTO,14/06/2023,SEBASTIÃO OGÊ MUNIZ,NONA TURMA,mantida,justiça federal,5.2,proposta contra a União,medicamento,
50198041120234040000,TRF4,DecisãoMonocrática,AG - AGRAVO DE INSTRUMENTO,14/06/2023,CLÁUDIA CRISTINA CRISTOFANI,DÉCIMA TURMA,,,,perda do objeto,medicamento,não analisou
50193789620234040000,TRF4,DecisãoMonocrática,AG - AGRAVO DE INSTRUMENTO,14/06/2023,CLÁUDIA CRISTINA CRISTOFANI,DÉCIMA TURMA,,,,,medicamento,não analisou
50200284620234040000,TRF4,DecisãoMonocrática,AG - AGRAVO DE INSTRUMENTO,14/06/2023,SEBASTIÃO OGÊ MUNIZ,NONA TURMA,mantida,justiça federal,5.2,proposta contra a União,medicamento,
50301338420214047200,TRF4,Acórdão,AC - APELAÇÃO CIVEL,14/06/2023,MARCELO DE NARDI,PRIMEIRA TURMA,,,,,,matéria diversa
50088950720234040000,TRF4,Acórdão,AG - AGRAVO DE INSTRUMENTO,13/06/2023,SEBASTIÃO OGÊ MUNIZ,NONA TURMA,mantida,justiça federal,5.2,proposta contra a União,medicamento,
50087192820234040000,TRF4,Acórdão,AG - AGRAVO DE INSTRUMENTO,13/06/2023,SEBASTIÃO OGÊ MUNIZ,NONA TURMA,mantida,,5.3,sentenciado,medicamento,
50082187420234040000,TRF4,Acórdão,AG - AGRAVO DE INSTRUMENTO,13/06/2023,SEBASTIÃO OGÊ MUNIZ,NONA TURMA,mantida,justiça federal,5.2,proposta contra a União,medicamento,
50072166920234040000,TRF4,Acórdão,AG - AGRAVO DE INSTRUMENTO,13/06/2023,SEBASTIÃO OGÊ MUNIZ,NONA TURMA,mantida,justiça federal,5.2,excluído Município ou Estado incluído de ofício,medicamento,
50024429320234040000,TRF4,DecisãoMonocrática,AG - AGRAVO DE INSTRUMENTO,13/06/2023,LUIZ FERNANDO WOWK PENTEADO,DÉCIMA TURMA,,,,perda do objeto,medicamento,não analisou
50036233220234040000,TRF4,Acórdão,AG - AGRAVO DE INSTRUMENTO,13/06/2023,CELSO KIPPER,NONA TURMA,mantida,justiça estadual,5.1,repartição de competência,medicamento,
50489928320224040000,TRF4,Acórdão,AG - AGRAVO DE INSTRUMENTO,13/06/2023,CELSO KIPPER,NONA TURMA,declinada,justiça estadual,5.2,inclusão da União no polo passivo de ofício,medicamento,
50377087820224040000,TRF4,Acórdão,AG - AGRAVO DE INSTRUMENTO,13/06/2023,CELSO KIPPER,NONA TURMA,declinada,justiça estadual,5.2,inclusão da União por emenda à inicial,procedimento não padronizado,
50512307520224040000,TRF4,Acórdão,AG - AGRAVO DE INSTRUMENTO,13/06/2023,CELSO KIPPER,NONA TURMA,declinada,justiça estadual,5.2,inclusão da União por emenda à inicial,medicamento,
50470865820224040000,TRF4,Acórdão,AG - AGRAVO DE INSTRUMENTO,13/06/2023,CELSO KIPPER,NONA TURMA,declinada,justiça estadual,5.2,inclusão da União por emenda à inicial,medicamento,
50430706120224040000,TRF4,Acórdão,AG - AGRAVO DE INSTRUMENTO,13/06/2023,CELSO KIPPER,NONA TURMA,declinada,justiça estadual,5.2,inclusão da União por emenda à inicial,medicamento,
50448937020224040000,TRF4,Acórdão,AG - AGRAVO DE INSTRUMENTO,13/06/2023,CELSO KIPPER,NONA TURMA,declinada,justiça estadual,5.2,inclusão da União por emenda à inicial,medicamento,
50090527720234040000,TRF4,Acórdão,AG - AGRAVO DE INSTRUMENTO,13/06/2023,CELSO KIPPER,NONA TURMA,declinada,justiça estadual,5.2,inclusão da União no polo passivo de ofício,medicamento,
50113106020234040000,TRF4,Acórdão,AG - AGRAVO DE INSTRUMENTO,13/06/2023,CELSO KIPPER,NONA TURMA,declinada,justiça estadual,5.2,inclusão da União por emenda à inicial,medicamento,
50106774920234040000,TRF4,Acórdão,AG - AGRAVO DE INSTRUMENTO,13/06/2023,CELSO KIPPER,NONA TURMA,declinada,justiça estadual,5.2,inclusão da União por emenda à inicial,medicamento,
50090630920234040000,TRF4,Acórdão,AG - AGRAVO DE INSTRUMENTO,13/06/2023,CELSO KIPPER,NONA TURMA,declinada,justiça estadual,5.2,inclusão da União no polo passivo de ofício,medicamento,
50055884520234040000,TRF4,Acórdão,AG - AGRAVO DE INSTRUMENTO,13/06/2023,CELSO KIPPER,NONA TURMA,declinada,justiça estadual,5.2,inclusão da União por emenda à inicial,medicamento,
50032327720234040000,TRF4,Acórdão,AG - AGRAVO DE INSTRUMENTO,13/06/2023,CELSO KIPPER,NONA TURMA,declinada,justiça estadual,5.2,inclusão da União no polo passivo de ofício,medicamento,
50021839820234040000,TRF4,Acórdão,AG - AGRAVO DE INSTRUMENTO,13/06/2023,CELSO KIPPER,NONA TURMA,declinada,justiça estadual,5.2,inclusão da União por emenda à inicial,medicamento,
50493513320224040000,TRF4,Acórdão,AG - AGRAVO DE INSTRUMENTO,13/06/2023,CELSO KIPPER,NONA TURMA,declinada,justiça estadual,5.2,inclusão da União por emenda à inicial,medicamento,
50217289120224040000,TRF4,Acórdão,AG - AGRAVO DE INSTRUMENTO,13/06/2023,CELSO KIPPER,NONA TURMA,mantida,justiça estadual,5.1,grupo 1A,medicamento,
50082317320234040000,TRF4,Acórdão,AG - AGRAVO DE INSTRUMENTO,13/06/2023,CELSO KIPPER,NONA TURMA,declinada,justiça estadual,5.2,inclusão da União no polo passivo de ofício,medicamento,
50135528920234040000,TRF4,DecisãoMonocrática,AG - AGRAVO DE INSTRUMENTO,13/06/2023,CELSO KIPPER,NONA TURMA,mantida,justiça estadual,5.2,proposta contra a União,medicamento,
50194049420234040000,TRF4,DecisãoMonocrática,AG - AGRAVO DE INSTRUMENTO,13/06/2023,TAÍS SCHILLING FERRAZ,SEXTA TURMA,mantida,justiça estadual,5.1,oncológico,medicamento,
50188116520234040000,TRF4,DecisãoMonocrática,AG - AGRAVO DE INSTRUMENTO,13/06/2023,TAÍS SCHILLING FERRAZ,SEXTA TURMA,mantida,justiça estadual,5.1,oncológico,medicamento,
50187414820234040000,TRF4,DecisãoMonocrática,AG - AGRAVO DE INSTRUMENTO,13/06/2023,TAÍS SCHILLING FERRAZ,SEXTA TURMA,mantida,,5.1,compete à União o ressarcimento administrativo,medicamento,
50185189520234040000,TRF4,DecisãoMonocrática,AG - AGRAVO DE INSTRUMENTO,13/06/2023,TAÍS SCHILLING FERRAZ,SEXTA TURMA,mantida,justiça estadual,5.1,oncológico,medicamento,
50195885020234040000,TRF4,DecisãoMonocrática,AG - AGRAVO DE INSTRUMENTO,13/06/2023,TAÍS SCHILLING FERRAZ,SEXTA TURMA,mantida,justiça estadual,5.1,oncológico,medicamento,
50195114120234040000,TRF4,DecisãoMonocrática,AG - AGRAVO DE INSTRUMENTO,13/06/2023,TAÍS SCHILLING FERRAZ,SEXTA TURMA,declinada,justiça estadual,5.2,inclusão da União por emenda à inicial,procedimento não padronizado,
50194793620234040000,TRF4,DecisãoMonocrática,AG - AGRAVO DE INSTRUMENTO,13/06/2023,TAÍS SCHILLING FERRAZ,SEXTA TURMA,mantida,justiça estadual,5.1,oncológico,medicamento,
50187683120234040000,TRF4,DecisãoMonocrática,AG - AGRAVO DE INSTRUMENTO,13/06/2023,TAÍS SCHILLING FERRAZ,SEXTA TURMA,mantida,justiça estadual,5.1,oncológico,medicamento,
50044958020204047007,TRF4,DecisãoMonocrática,AC - APELAÇÃO CIVEL,13/06/2023,FERNANDO QUADROS DA SILVA,VICE-PRESIDÊNCIA,,,,,,sobrestou
50044958020204047007,TRF4,DecisãoMonocrática,AC - APELAÇÃO CIVEL,13/06/2023,FERNANDO QUADROS DA SILVA,VICE-PRESIDÊNCIA,,,,,,sobrestou
50044226820214047009,TRF4,DecisãoMonocrática,Apelação/Remessa Necessária,13/06/2023,FERNANDO QUADROS DA SILVA,VICE-PRESIDÊNCIA,,,,,,sobrestou
50044226820214047009,TRF4,DecisãoMonocrática,Apelação/Remessa Necessária,13/06/2023,FERNANDO QUADROS DA SILVA,VICE-PRESIDÊNCIA,,,,,,sobrestou
50197686620234040000,TRF4,DecisãoMonocrática,AG - AGRAVO DE INSTRUMENTO,13/06/2023,ALEXANDRE GONÇALVES LIPPEL,QUINTA TURMA,declinada,justiça estadual,5.2,inclusão da União no polo passivo de ofício,medicamento,
50193693720234040000,TRF4,DecisãoMonocrática,AG - AGRAVO DE INSTRUMENTO,13/06/2023,SEBASTIÃO OGÊ MUNIZ,NONA TURMA,mantida,justiça federal,5.2,excluído Município ou Estado incluído de ofício,medicamento,
50196456820234040000,TRF4,DecisãoMonocrática,AG - AGRAVO DE INSTRUMENTO,13/06/2023,SEBASTIÃO OGÊ MUNIZ,NONA TURMA,mantida,justiça federal,5.2,proposta contra a União,medicamento,
50196396120234040000,TRF4,DecisãoMonocrática,AG - AGRAVO DE INSTRUMENTO,13/06/2023,SEBASTIÃO OGÊ MUNIZ,NONA TURMA,mantida,justiça federal,5.2,proposta contra a União,medicamento,
50194638220234040000,TRF4,DecisãoMonocrática,AG - AGRAVO DE INSTRUMENTO,13/06/2023,SEBASTIÃO OGÊ MUNIZ,NONA TURMA,mantida,justiça federal,5.2,proposta contra a União,medicamento,
50194386920234040000,TRF4,DecisãoMonocrática,AG - AGRAVO DE INSTRUMENTO,13/06/2023,SEBASTIÃO OGÊ MUNIZ,NONA TURMA,mantida,justiça federal,5.2,proposta contra a União,medicamento,
50103414520234040000,TRF4,Acórdão,AG - AGRAVO DE INSTRUMENTO,13/06/2023,ADRIANE BATTISTI,QUINTA TURMA,,,,segurança jurídica,medicamento,situação anterior
50096243320234040000,TRF4,Acórdão,AG - AGRAVO DE INSTRUMENTO,13/06/2023,ADRIANE BATTISTI,QUINTA TURMA,,,,segurança jurídica,medicamento,situação anterior
50092553920234040000,TRF4,Acórdão,AG - AGRAVO DE INSTRUMENTO,13/06/2023,ADRIANE BATTISTI,QUINTA TURMA,,,,segurança jurídica,medicamento,situação anterior
50123524720234040000,TRF4,Acórdão,AG - AGRAVO DE INSTRUMENTO,13/06/2023,ADRIANE BATTISTI,QUINTA TURMA,,,,segurança jurídica,medicamento,situação anterior
50079120820234040000,TRF4,Acórdão,AG - AGRAVO DE INSTRUMENTO,13/06/2023,ADRIANE BATTISTI,QUINTA TURMA,,,,segurança jurídica,medicamento,situação anterior
50141028420234040000,TRF4,Acórdão,AG - AGRAVO DE INSTRUMENTO,13/06/2023,ADRIANE BATTISTI,QUINTA TURMA,,,,segurança jurídica,medicamento,situação anterior
50116024520234040000,TRF4,Acórdão,AG - AGRAVO DE INSTRUMENTO,13/06/2023,ADRIANE BATTISTI,QUINTA TURMA,,,,segurança jurídica,medicamento,situação anterior
50445498920224040000,TRF4,Acórdão,AG - AGRAVO DE INSTRUMENTO,13/06/2023,ADRIANE BATTISTI,QUINTA TURMA,,,,segurança jurídica,medicamento,situação anterior
50004563020224047117,TRF4,Acórdão,Apelação/Remessa Necessária,13/06/2023,ADRIANE BATTISTI,QUINTA TURMA,mantida,justiça estadual,5.3,sentenciado,medicamento,
50092562420234040000,TRF4,Acórdão,AG - AGRAVO DE INSTRUMENTO,13/06/2023,PAULO AFONSO BRUM VAZ,NONA TURMA,declinada,justiça estadual,5.2,,medicamento,
50078003920234040000,TRF4,Acórdão,AG - AGRAVO DE INSTRUMENTO,13/06/2023,PAULO AFONSO BRUM VAZ,NONA TURMA,declinada,justiça estadual,5.2,inclusão da União no polo passivo de ofício,medicamento,
50068320920234040000,TRF4,Acórdão,AG - AGRAVO DE INSTRUMENTO,13/06/2023,PAULO AFONSO BRUM VAZ,NONA TURMA,declinada,justiça estadual,5.2,inclusão da União no polo passivo de ofício,medicamento,
50419837020224040000,TRF4,Acórdão,AG - AGRAVO DE INSTRUMENTO,13/06/2023,PAULO AFONSO BRUM VAZ,NONA TURMA,mantida,justiça estadual,5.1,repartição de competência,medicamento,
50069516720234040000,TRF4,Acórdão,AG - AGRAVO DE INSTRUMENTO,13/06/2023,PAULO AFONSO BRUM VAZ,NONA TURMA,declinada,justiça estadual,5.2,,,
50057218720234040000,TRF4,Acórdão,AG - AGRAVO DE INSTRUMENTO,13/06/2023,PAULO AFONSO BRUM VAZ,NONA TURMA,declinada,justiça estadual,5.2,inclusão da União por emenda à inicial,medicamento,
50123585420234040000,TRF4,Acórdão,AG - AGRAVO DE INSTRUMENTO,13/06/2023,ADRIANE BATTISTI,QUINTA TURMA,,,,segurança jurídica,medicamento,situação anterior
50116189620234040000,TRF4,Acórdão,AG - AGRAVO DE INSTRUMENTO,13/06/2023,SEBASTIÃO OGÊ MUNIZ,NONA TURMA,declinada,justiça estadual,5.3,sentenciado,medicamento,
50115929820234040000,TRF4,Acórdão,AG - AGRAVO DE INSTRUMENTO,13/06/2023,SEBASTIÃO OGÊ MUNIZ,NONA TURMA,mantida,justiça federal,5.2,proposta contra a União,medicamento,
50112959120234040000,TRF4,Acórdão,AG - AGRAVO DE INSTRUMENTO,13/06/2023,SEBASTIÃO OGÊ MUNIZ,NONA TURMA,mantida,justiça federal,5.2,proposta contra a União,medicamento,
50112360620234040000,TRF4,Acórdão,AG - AGRAVO DE INSTRUMENTO,13/06/2023,SEBASTIÃO OGÊ MUNIZ,NONA TURMA,mantida,justiça federal,5.1,oncológico,medicamento,
50108836320234040000,TRF4,Acórdão,AG - AGRAVO DE INSTRUMENTO,13/06/2023,SEBASTIÃO OGÊ MUNIZ,NONA TURMA,mantida,justiça federal,5.1,oncológico,medicamento,
50107719420234040000,TRF4,Acórdão,AG - AGRAVO DE INSTRUMENTO,13/06/2023,SEBASTIÃO OGÊ MUNIZ,NONA TURMA,mantida,justiça federal,5.2,proposta contra a União,medicamento,
50102479720234040000,TRF4,Acórdão,AG - AGRAVO DE INSTRUMENTO,13/06/2023,SEBASTIÃO OGÊ MUNIZ,NONA TURMA,mantida,justiça federal,5.2,proposta contra a União,medicamento,
50096840620234040000,TRF4,Acórdão,AG - AGRAVO DE INSTRUMENTO,13/06/2023,SEBASTIÃO OGÊ MUNIZ,NONA TURMA,mantida,justiça federal,5.2,proposta contra a União,medicamento,
50096815120234040000,TRF4,Acórdão,AG - AGRAVO DE INSTRUMENTO,13/06/2023,SEBASTIÃO OGÊ MUNIZ,NONA TURMA,declinada,justiça estadual,5.2,inclusão da União por emenda à inicial,medicamento,
50096806620234040000,TRF4,Acórdão,AG - AGRAVO DE INSTRUMENTO,13/06/2023,SEBASTIÃO OGÊ MUNIZ,NONA TURMA,mantida,justiça federal,5.1,oncológico,medicamento,
50095065720234040000,TRF4,Acórdão,AG - AGRAVO DE INSTRUMENTO,13/06/2023,SEBASTIÃO OGÊ MUNIZ,NONA TURMA,mantida,justiça federal,5.1,oncológico,medicamento,
50094225620234040000,TRF4,Acórdão,AG - AGRAVO DE INSTRUMENTO,13/06/2023,SEBASTIÃO OGÊ MUNIZ,NONA TURMA,mantida,justiça federal,5.2,proposta contra a União,medicamento,
50086656220234040000,TRF4,Acórdão,AG - AGRAVO DE INSTRUMENTO,13/06/2023,SEBASTIÃO OGÊ MUNIZ,NONA TURMA,mantida,justiça federal,5.2,proposta contra a União,medicamento,
50082793220234040000,TRF4,Acórdão,AG - AGRAVO DE INSTRUMENTO,13/06/2023,SEBASTIÃO OGÊ MUNIZ,NONA TURMA,mantida,justiça federal,5.2,proposta contra a União,medicamento,
50056967420234040000,TRF4,Acórdão,AG - AGRAVO DE INSTRUMENTO,13/06/2023,SEBASTIÃO OGÊ MUNIZ,NONA TURMA,mantida,justiça federal,5.2,proposta contra a União,medicamento,
50012477320234040000,TRF4,Acórdão,AG - AGRAVO DE INSTRUMENTO,13/06/2023,SEBASTIÃO OGÊ MUNIZ,NONA TURMA,mantida,justiça federal,5.2,proposta contra a União,procedimento não padronizado,
50003384820224047216,TRF4,Acórdão,AC - APELAÇÃO CIVEL,13/06/2023,SEBASTIÃO OGÊ MUNIZ,NONA TURMA,mantida,justiça federal,5.3,sentenciado,medicamento,
50504910520224040000,TRF4,Acórdão,AG - AGRAVO DE INSTRUMENTO,13/06/2023,SEBASTIÃO OGÊ MUNIZ,NONA TURMA,mantida,justiça federal,5.2,proposta contra a União,procedimento não padronizado,
50460178820224040000,TRF4,Acórdão,AG - AGRAVO DE INSTRUMENTO,13/06/2023,SEBASTIÃO OGÊ MUNIZ,NONA TURMA,declinada,justiça estadual,5.2,,medicamento,
50448893320224040000,TRF4,Acórdão,AG - AGRAVO DE INSTRUMENTO,13/06/2023,SEBASTIÃO OGÊ MUNIZ,NONA TURMA,declinada,justiça estadual,5.2,inclusão da União no polo passivo de ofício,medicamento,
50132271720234040000,TRF4,Acórdão,AG - AGRAVO DE INSTRUMENTO,13/06/2023,SEBASTIÃO OGÊ MUNIZ,NONA TURMA,mantida,justiça federal,5.2,proposta contra a União,medicamento,
50126409220234040000,TRF4,Acórdão,AG - AGRAVO DE INSTRUMENTO,13/06/2023,SEBASTIÃO OGÊ MUNIZ,NONA TURMA,mantida,justiça federal,5.2,proposta contra a União,medicamento,
50098928720234040000,TRF4,Acórdão,AG - AGRAVO DE INSTRUMENTO,13/06/2023,SEBASTIÃO OGÊ MUNIZ,NONA TURMA,mantida,justiça federal,5.2,proposta contra a União,medicamento,
50097274020234040000,TRF4,Acórdão,AG - AGRAVO DE INSTRUMENTO,13/06/2023,SEBASTIÃO OGÊ MUNIZ,NONA TURMA,mantida,justiça federal,5.1,repartição de competência,medicamento,
50092761520234040000,TRF4,Acórdão,AG - AGRAVO DE INSTRUMENTO,13/06/2023,SEBASTIÃO OGÊ MUNIZ,NONA TURMA,mantida,justiça federal,5.2,proposta contra a União,medicamento,
50087582520234040000,TRF4,Acórdão,AG - AGRAVO DE INSTRUMENTO,13/06/2023,SEBASTIÃO OGÊ MUNIZ,NONA TURMA,declinada,justiça estadual,5.2,inclusão da União no polo passivo de ofício,medicamento,
50081580420234040000,TRF4,Acórdão,AG - AGRAVO DE INSTRUMENTO,13/06/2023,SEBASTIÃO OGÊ MUNIZ,NONA TURMA,mantida,justiça federal,5.2,proposta contra a União,medicamento,
50078887720234040000,TRF4,Acórdão,AG - AGRAVO DE INSTRUMENTO,13/06/2023,SEBASTIÃO OGÊ MUNIZ,NONA TURMA,mantida,justiça federal,5.2,proposta contra a União,medicamento,
50078567220234040000,TRF4,Acórdão,AG - AGRAVO DE INSTRUMENTO,13/06/2023,SEBASTIÃO OGÊ MUNIZ,NONA TURMA,declinada,justiça estadual,5.2,inclusão da União por emenda à inicial,medicamento,
50078073120234040000,TRF4,Acórdão,AG - AGRAVO DE INSTRUMENTO,13/06/2023,SEBASTIÃO OGÊ MUNIZ,NONA TURMA,mantida,justiça federal,5.2,proposta contra a União,medicamento,
50057304920234040000,TRF4,Acórdão,AG - AGRAVO DE INSTRUMENTO,13/06/2023,SEBASTIÃO OGÊ MUNIZ,NONA TURMA,mantida,justiça federal,5.2,proposta contra a União,insumo,
50181006020234040000,TRF4,DecisãoMonocrática,AG - AGRAVO DE INSTRUMENTO,12/06/2023,CELSO KIPPER,NONA TURMA,mantida,justiça federal,5.2,proposta contra a União,medicamento,
50194309220234040000,TRF4,DecisãoMonocrática,AG - AGRAVO DE INSTRUMENTO,12/06/2023,ALEXANDRE GONÇALVES LIPPEL,QUINTA TURMA,,,,,medicamento,não analisou
50190559120234040000,TRF4,DecisãoMonocrática,AG - AGRAVO DE INSTRUMENTO,12/06/2023,HERMES SIEDLER DA CONCEIÇÃO JÚNIOR,QUINTA TURMA,,,,,medicamento,não analisou
50194031220234040000,TRF4,DecisãoMonocrática,AG - AGRAVO DE INSTRUMENTO,12/06/2023,CELSO KIPPER,NONA TURMA,declinada,justiça estadual,5.2,inclusão da União no polo passivo de ofício,medicamento,
50177922420234040000,TRF4,DecisãoMonocrática,AG - AGRAVO DE INSTRUMENTO,12/06/2023,CELSO KIPPER,NONA TURMA,mantida,justiça estadual,5.1,grupo 1A,medicamento,
50179334320234040000,TRF4,DecisãoMonocrática,AG - AGRAVO DE INSTRUMENTO,12/06/2023,CELSO KIPPER,NONA TURMA,declinada,justiça estadual,5.2,inclusão da União no polo passivo de ofício,procedimento não padronizado,
50182192120234040000,TRF4,DecisãoMonocrática,AG - AGRAVO DE INSTRUMENTO,12/06/2023,CELSO KIPPER,NONA TURMA,declinada,justiça estadual,5.2,inclusão da União no polo passivo de ofício,medicamento,
50184808320234040000,TRF4,DecisãoMonocrática,AG - AGRAVO DE INSTRUMENTO,12/06/2023,CELSO KIPPER,NONA TURMA,declinada,justiça estadual,5.2,inclusão da União no polo passivo de ofício,medicamento,
50191659020234040000,TRF4,DecisãoMonocrática,AG - AGRAVO DE INSTRUMENTO,12/06/2023,CELSO KIPPER,NONA TURMA,mantida,justiça estadual,5.1,grupo 1A,medicamento,
50193806620234040000,TRF4,DecisãoMonocrática,AG - AGRAVO DE INSTRUMENTO,12/06/2023,SEBASTIÃO OGÊ MUNIZ,NONA TURMA,mantida,justiça federal,5.2,proposta contra a União,medicamento,
50188150520234040000,TRF4,DecisãoMonocrática,AG - AGRAVO DE INSTRUMENTO,12/06/2023,HERMES SIEDLER DA CONCEIÇÃO JÚNIOR,QUINTA TURMA,mantida,justiça estadual,5.2,inclusão da União por emenda à inicial,medicamento,
50176268920234040000,TRF4,DecisãoMonocrática,AG - AGRAVO DE INSTRUMENTO,12/06/2023,TAÍS SCHILLING FERRAZ,SEXTA TURMA,mantida,justiça estadual,5.1,oncológico,medicamento,
50041055720224047002,TRF4,DecisãoMonocrática,AC - APELAÇÃO CIVEL,09/06/2023,FERNANDO QUADROS DA SILVA,VICE-PRESIDÊNCIA,,,,,,sobrestou
50245358520124047000,TRF4,DecisãoMonocrática,AC - APELAÇÃO CIVEL,09/06/2023,FERNANDO QUADROS DA SILVA,VICE-PRESIDÊNCIA,,,,,,sobrestou
50106493220204047002,TRF4,DecisãoMonocrática,AC - APELAÇÃO CIVEL,09/06/2023,FERNANDO QUADROS DA SILVA,VICE-PRESIDÊNCIA,,,,,,sobrestou
50111263620124047002,TRF4,DecisãoMonocrática,Apelação/Remessa Necessária,09/06/2023,FERNANDO QUADROS DA SILVA,VICE-PRESIDÊNCIA,,,,,,sobrestou
50068214920114047000,TRF4,DecisãoMonocrática,AC - APELAÇÃO CIVEL,09/06/2023,FERNANDO QUADROS DA SILVA,VICE-PRESIDÊNCIA,,,,,,sobrestou
50013997420224047108,TRF4,DecisãoMonocrática,AC - APELAÇÃO CIVEL,08/06/2023,FERNANDO QUADROS DA SILVA,VICE-PRESIDÊNCIA,,,,,,sobrestou
50013117620214047009,TRF4,DecisãoMonocrática,AC - APELAÇÃO CIVEL,08/06/2023,FERNANDO QUADROS DA SILVA,VICE-PRESIDÊNCIA,,,,,,sobrestou
50403242620224040000,TRF4,Acórdão,AG - AGRAVO DE INSTRUMENTO,07/06/2023,ALTAIR ANTONIO GREGÓRIO,SEXTA TURMA,mantida,justiça estadual,5.1,inclusão da União no polo passivo de ofício,procedimento de alta complexidade hospitalar,
50512628020224040000,TRF4,Acórdão,AG - AGRAVO DE INSTRUMENTO,07/06/2023,TAÍS SCHILLING FERRAZ,SEXTA TURMA,mantida,justiça estadual,5.3,sentenciado,medicamento,
50190584620234040000,TRF4,DecisãoMonocrática,AG - AGRAVO DE INSTRUMENTO,07/06/2023,ALEXANDRE GONÇALVES LIPPEL,QUINTA TURMA,declinada,justiça estadual,5.2,inclusão da União no polo passivo de ofício,medicamento,
50192819620234040000,TRF4,DecisãoMonocrática,AG - AGRAVO DE INSTRUMENTO,07/06/2023,ADRIANE BATTISTI,QUINTA TURMA,mantida,justiça estadual,tema 793 prevalece,segurança jurídica,medicamento,
50192715220234040000,TRF4,DecisãoMonocrática,AG - AGRAVO DE INSTRUMENTO,07/06/2023,ADRIANE BATTISTI,QUINTA TURMA,,,,,medicamento,não analisou
50187666120234040000,TRF4,DecisãoMonocrática,AG - AGRAVO DE INSTRUMENTO,07/06/2023,CLÁUDIA CRISTINA CRISTOFANI,DÉCIMA TURMA,mantida,justiça federal,5.2,proposta contra a União,medicamento,
50186878220234040000,TRF4,DecisãoMonocrática,AG - AGRAVO DE INSTRUMENTO,07/06/2023,CLÁUDIA CRISTINA CRISTOFANI,DÉCIMA TURMA,declinada,justiça estadual,5.2,inclusão da União no polo passivo de ofício,insumo,
50186514020234040000,TRF4,DecisãoMonocrática,AG - AGRAVO DE INSTRUMENTO,07/06/2023,CLÁUDIA CRISTINA CRISTOFANI,DÉCIMA TURMA,mantida,justiça estadual,5.1,repartição de competência,medicamento,
50531500720204047000,TRF4,DecisãoMonocrática,AC - APELAÇÃO CIVEL,07/06/2023,FERNANDO QUADROS DA SILVA,VICE-PRESIDÊNCIA,,,,,,sobrestou
50190689020234040000,TRF4,DecisãoMonocrática,AG - AGRAVO DE INSTRUMENTO,07/06/2023,ALEXANDRE GONÇALVES LIPPEL,QUINTA TURMA,declinada,justiça estadual,5.2,inclusão da União no polo passivo de ofício,procedimento não padronizado,
50190039520234040000,TRF4,DecisãoMonocrática,AG - AGRAVO DE INSTRUMENTO,07/06/2023,ALEXANDRE GONÇALVES LIPPEL,QUINTA TURMA,,,,,,não analisou
50188202720234040000,TRF4,DecisãoMonocrática,AG - AGRAVO DE INSTRUMENTO,07/06/2023,ALEXANDRE GONÇALVES LIPPEL,QUINTA TURMA,declinada,justiça estadual,5.2,inclusão da União no polo passivo de ofício,medicamento,
50458584820224040000,TRF4,Acórdão,AG - AGRAVO DE INSTRUMENTO,07/06/2023,JOÃO BATISTA PINTO SILVEIRA,SEXTA TURMA,mantida,justiça estadual,5.2,inclusão da União por emenda à inicial,medicamento,
50156045820234040000,TRF4,Acórdão,AG - AGRAVO DE INSTRUMENTO,07/06/2023,JOÃO BATISTA PINTO SILVEIRA,SEXTA TURMA,,,,,medicamento,não analisou
50092589120234040000,TRF4,Acórdão,AG - AGRAVO DE INSTRUMENTO,07/06/2023,JOÃO BATISTA PINTO SILVEIRA,SEXTA TURMA,mantida,justiça estadual,5.2,inclusão da União por emenda à inicial,medicamento,
50088068120234040000,TRF4,Acórdão,AG - AGRAVO DE INSTRUMENTO,07/06/2023,JOÃO BATISTA PINTO SILVEIRA,SEXTA TURMA,mantida,justiça estadual,5.2,segurança jurídica,medicamento,
50119584020234040000,TRF4,Acórdão,AG - AGRAVO DE INSTRUMENTO,06/06/2023,MÁRCIO ANTÔNIO ROCHA,DÉCIMA TURMA,declinada,justiça estadual,5.2,inclusão da União no polo passivo de ofício,medicamento,
50078307420234040000,TRF4,Acórdão,AG - AGRAVO DE INSTRUMENTO,06/06/2023,MÁRCIO ANTÔNIO ROCHA,DÉCIMA TURMA,declinada,justiça estadual,5.2,inclusão da União no polo passivo de ofício,medicamento,
50042067120214047118,TRF4,Acórdão,Apelação/Remessa Necessária,06/06/2023,ADRIANE BATTISTI,QUINTA TURMA,,,decisão de afetação,,medicamento,situação anterior
50190108720234040000,TRF4,DecisãoMonocrática,AG - AGRAVO DE INSTRUMENTO,06/06/2023,SEBASTIÃO OGÊ MUNIZ,NONA TURMA,mantida,justiça federal,5.2,proposta contra a União,medicamento,
50189017320234040000,TRF4,DecisãoMonocrática,AG - AGRAVO DE INSTRUMENTO,06/06/2023,SEBASTIÃO OGÊ MUNIZ,NONA TURMA,mantida,justiça federal,5.2,proposta contra a União,medicamento,
50188887420234040000,TRF4,DecisãoMonocrática,AG - AGRAVO DE INSTRUMENTO,06/06/2023,SEBASTIÃO OGÊ MUNIZ,NONA TURMA,mantida,justiça federal,5.2,proposta contra a União,medicamento,
50170916320234040000,TRF4,DecisãoMonocrática,AG - AGRAVO DE INSTRUMENTO,06/06/2023,TAÍS SCHILLING FERRAZ,SEXTA TURMA,declinada,justiça estadual,5.2,inclusão da União no polo passivo de ofício,medicamento,
50510050720224047000,TRF4,Acórdão,AC - APELAÇÃO CIVEL,06/06/2023,CLÁUDIA CRISTINA CRISTOFANI,DÉCIMA TURMA,mantida,,5.3,sentenciado,medicamento,
50098330220234040000,TRF4,Acórdão,AG - AGRAVO DE INSTRUMENTO,06/06/2023,CLÁUDIA CRISTINA CRISTOFANI,DÉCIMA TURMA,declinada,justiça estadual,5.2,inclusão da União no polo passivo de ofício,medicamento,
50082958320234040000,TRF4,Acórdão,AG - AGRAVO DE INSTRUMENTO,06/06/2023,CLÁUDIA CRISTINA CRISTOFANI,DÉCIMA TURMA,declinada,justiça estadual,5.2,inclusão da União no polo passivo de ofício,medicamento,
50074721220234040000,TRF4,Acórdão,AG - AGRAVO DE INSTRUMENTO,06/06/2023,CLÁUDIA CRISTINA CRISTOFANI,DÉCIMA TURMA,mantida,justiça federal,5.2,proposta contra a União,medicamento,
50052297220224047003,TRF4,Acórdão,AC - APELAÇÃO CIVEL,06/06/2023,CLÁUDIA CRISTINA CRISTOFANI,DÉCIMA TURMA,mantida,,5.3,sentenciado,medicamento,
50045436220224047009,TRF4,Acórdão,AC - APELAÇÃO CIVEL,06/06/2023,CLÁUDIA CRISTINA CRISTOFANI,DÉCIMA TURMA,mantida,justiça estadual,5.3,sentenciado,medicamento,
50045172220214047002,TRF4,Acórdão,AC - APELAÇÃO CIVEL,06/06/2023,CLÁUDIA CRISTINA CRISTOFANI,DÉCIMA TURMA,mantida,justiça estadual,5.3,sentenciado,medicamento,
50480479620224040000,TRF4,Acórdão,AG - AGRAVO DE INSTRUMENTO,06/06/2023,LUIZ FERNANDO WOWK PENTEADO,DÉCIMA TURMA,,,decisão recorrida anterior ao Tema 1234,,,situação anterior
50088258720234040000,TRF4,Acórdão,AG - AGRAVO DE INSTRUMENTO,06/06/2023,LUIZ FERNANDO WOWK PENTEADO,DÉCIMA TURMA,declinada,justiça estadual,5.2,,medicamento,
50069602920234040000,TRF4,Acórdão,AG - AGRAVO DE INSTRUMENTO,06/06/2023,LUIZ FERNANDO WOWK PENTEADO,DÉCIMA TURMA,declinada,justiça estadual,5.2,inclusão da União no polo passivo de ofício,medicamento,
50053814620234040000,TRF4,Acórdão,AG - AGRAVO DE INSTRUMENTO,06/06/2023,LUIZ FERNANDO WOWK PENTEADO,DÉCIMA TURMA,declinada,justiça estadual,5.2,inclusão da União no polo passivo de ofício,medicamento,
50188263420234040000,TRF4,DecisãoMonocrática,AG - AGRAVO DE INSTRUMENTO,05/06/2023,ADRIANE BATTISTI,QUINTA TURMA,,,conflito de competência,,,não analisou
50188194220234040000,TRF4,DecisãoMonocrática,AG - AGRAVO DE INSTRUMENTO,05/06/2023,ADRIANE BATTISTI,QUINTA TURMA,declinada,justiça estadual,5.2,inclusão da União no polo passivo de ofício,medicamento,
50188315620234040000,TRF4,DecisãoMonocrática,AG - AGRAVO DE INSTRUMENTO,05/06/2023,SEBASTIÃO OGÊ MUNIZ,NONA TURMA,mantida,justiça federal,5.1,repartição de competência,medicamento,
50188826720234040000,TRF4,DecisãoMonocrática,AG - AGRAVO DE INSTRUMENTO,05/06/2023,SEBASTIÃO OGÊ MUNIZ,NONA TURMA,mantida,justiça federal,5.2,proposta contra a União,medicamento,
50185198020234040000,TRF4,DecisãoMonocrática,AG - AGRAVO DE INSTRUMENTO,02/06/2023,SEBASTIÃO OGÊ MUNIZ,NONA TURMA,mantida,justiça federal,5.2,proposta contra a União,medicamento,
50186141320234040000,TRF4,DecisãoMonocrática,AG - AGRAVO DE INSTRUMENTO,02/06/2023,SEBASTIÃO OGÊ MUNIZ,NONA TURMA,mantida,justiça federal,5.2,proposta contra a União,medicamento,
50185950720234040000,TRF4,DecisãoMonocrática,AG - AGRAVO DE INSTRUMENTO,02/06/2023,SEBASTIÃO OGÊ MUNIZ,NONA TURMA,mantida,justiça federal,5.2,proposta contra a União,medicamento,
50160575320234040000,TRF4,DecisãoMonocrática,AG - AGRAVO DE INSTRUMENTO,02/06/2023,SEBASTIÃO OGÊ MUNIZ,NONA TURMA,mantida,justiça federal,5.2,proposta contra a União,procedimento não padronizado,
50182166620234040000,TRF4,DecisãoMonocrática,AG - AGRAVO DE INSTRUMENTO,02/06/2023,SEBASTIÃO OGÊ MUNIZ,NONA TURMA,declinada,justiça estadual,5.3,sentenciado,medicamento,
50186583220234040000,TRF4,DecisãoMonocrática,AG - AGRAVO DE INSTRUMENTO,02/06/2023,ALTAIR ANTONIO GREGÓRIO,SEXTA TURMA,declinada,justiça estadual,5.2,inclusão da União por emenda à inicial,medicamento,
50185985920234040000,TRF4,DecisãoMonocrática,AG - AGRAVO DE INSTRUMENTO,02/06/2023,ALTAIR ANTONIO GREGÓRIO,SEXTA TURMA,declinada,justiça estadual,5.2,inclusão da União por emenda à inicial,medicamento,
50185076620234040000,TRF4,DecisãoMonocrática,AG - AGRAVO DE INSTRUMENTO,02/06/2023,ALTAIR ANTONIO GREGÓRIO,SEXTA TURMA,declinada,justiça federal,5.1,repartição de competência,procedimento de alta complexidade hospitalar,
50178866920234040000,TRF4,DecisãoMonocrática,AG - AGRAVO DE INSTRUMENTO,02/06/2023,HERMES SIEDLER DA CONCEIÇÃO JÚNIOR,QUINTA TURMA,mantida,justiça estadual,5.2,inclusão da União por emenda à inicial,medicamento,
50182954520234040000,TRF4,DecisãoMonocrática,AG - AGRAVO DE INSTRUMENTO,02/06/2023,SEBASTIÃO OGÊ MUNIZ,NONA TURMA,mantida,justiça federal,5.2,proposta contra a União,medicamento,
50183526320234040000,TRF4,DecisãoMonocrática,AG - AGRAVO DE INSTRUMENTO,02/06/2023,SEBASTIÃO OGÊ MUNIZ,NONA TURMA,mantida,justiça federal,5.2,proposta contra a União,medicamento,
50183681720234040000,TRF4,DecisãoMonocrática,AG - AGRAVO DE INSTRUMENTO,02/06/2023,SEBASTIÃO OGÊ MUNIZ,NONA TURMA,mantida,justiça federal,5.2,proposta contra a União,medicamento,
50087535420114047200,TRF4,DecisãoMonocrática,Apelação/Remessa Necessária,01/06/2023,FERNANDO QUADROS DA SILVA,VICE-PRESIDÊNCIA,,,,,,sobrestou
50132129320204047003,TRF4,DecisãoMonocrática,AC - APELAÇÃO CIVEL,01/06/2023,FERNANDO QUADROS DA SILVA,VICE-PRESIDÊNCIA,,,,,,sobrestou
50079267220184047111,TRF4,DecisãoMonocrática,AC - APELAÇÃO CIVEL,01/06/2023,FERNANDO QUADROS DA SILVA,VICE-PRESIDÊNCIA,,,,,,sobrestou
50455042320224040000,TRF4,DecisãoMonocrática,AG - AGRAVO DE INSTRUMENTO,01/06/2023,FERNANDO QUADROS DA SILVA,VICE-PRESIDÊNCIA,,,,,,sobrestou
50259397320224040000,TRF4,DecisãoMonocrática,AG - AGRAVO DE INSTRUMENTO,01/06/2023,FERNANDO QUADROS DA SILVA,VICE-PRESIDÊNCIA,,,,,,sobrestou
50259397320224040000,TRF4,DecisãoMonocrática,AG - AGRAVO DE INSTRUMENTO,01/06/2023,FERNANDO QUADROS DA SILVA,VICE-PRESIDÊNCIA,,,,,,sobrestou
50129434320224040000,TRF4,DecisãoMonocrática,AG - AGRAVO DE INSTRUMENTO,01/06/2023,FERNANDO QUADROS DA SILVA,VICE-PRESIDÊNCIA,,,,,,sobrestou
50236758320224040000,TRF4,Acórdão,AG - AGRAVO DE INSTRUMENTO,31/05/2023,FERNANDO QUADROS DA SILVA,TERCEIRA SEÇÃO,,,,,,não analisou
50174622720234040000,TRF4,DecisãoMonocrática,AG - AGRAVO DE INSTRUMENTO,31/05/2023,ALEXANDRE GONÇALVES LIPPEL,QUINTA TURMA,declinada,justiça estadual,5.2,inclusão da União no polo passivo de ofício,medicamento,
50180209620234040000,TRF4,DecisãoMonocrática,AG - AGRAVO DE INSTRUMENTO,31/05/2023,SEBASTIÃO OGÊ MUNIZ,NONA TURMA,declinada,justiça estadual,5.2,inclusão da União no polo passivo de ofício,medicamento,
50179983820234040000,TRF4,DecisãoMonocrática,AG - AGRAVO DE INSTRUMENTO,31/05/2023,SEBASTIÃO OGÊ MUNIZ,NONA TURMA,mantida,justiça federal,5.2,proposta contra a União,medicamento,
50178563420234040000,TRF4,DecisãoMonocrática,AG - AGRAVO DE INSTRUMENTO,31/05/2023,SEBASTIÃO OGÊ MUNIZ,NONA TURMA,mantida,justiça federal,5.2,proposta contra a União,medicamento,
50079267220184047111,TRF4,Acórdão,AC - APELAÇÃO CIVEL,31/05/2023,FERNANDO QUADROS DA SILVA,TERCEIRA SEÇÃO,,,,,,sobrestou
50029810920134047211,TRF4,Acórdão,AC - APELAÇÃO CIVEL,31/05/2023,FERNANDO QUADROS DA SILVA,TERCEIRA SEÇÃO,,,,,,não analisou
50167356820234040000,TRF4,DecisãoMonocrática,AG - AGRAVO DE INSTRUMENTO,30/05/2023,FRANCISCO DONIZETE GOMES,QUINTA TURMA,,,decisão de afetação,,,não analisou
50176545720234040000,TRF4,DecisãoMonocrática,AG - AGRAVO DE INSTRUMENTO,30/05/2023,LUIZ FERNANDO WOWK PENTEADO,DÉCIMA TURMA,declinada,justiça estadual,5.2,inclusão da União no polo passivo de ofício,medicamento,
50036779520234040000,TRF4,DecisãoMonocrática,AG - AGRAVO DE INSTRUMENTO,30/05/2023,ADRIANE BATTISTI,QUINTA TURMA,,,,,,não analisou
50178052320234040000,TRF4,DecisãoMonocrática,AG - AGRAVO DE INSTRUMENTO,30/05/2023,ALTAIR ANTONIO GREGÓRIO,SEXTA TURMA,declinada,justiça estadual,5.2,inclusão da União por emenda à inicial,medicamento,
50056924020104047001,TRF4,DecisãoMonocrática,AC - APELAÇÃO CIVEL,30/05/2023,FERNANDO QUADROS DA SILVA,VICE-PRESIDÊNCIA,,,,,,sobrestou
50177394320234040000,TRF4,DecisãoMonocrática,AG - AGRAVO DE INSTRUMENTO,30/05/2023,SEBASTIÃO OGÊ MUNIZ,NONA TURMA,mantida,justiça federal,5.2,proposta contra a União,medicamento,
50174882520234040000,TRF4,DecisãoMonocrática,AG - AGRAVO DE INSTRUMENTO,30/05/2023,SEBASTIÃO OGÊ MUNIZ,NONA TURMA,mantida,justiça estadual,5.2,proposta contra a União,medicamento,
50024146020224047114,TRF4,Acórdão,Apelação/Remessa Necessária,30/05/2023,ALEXANDRE GONÇALVES LIPPEL,QUINTA TURMA,,,,,,não analisou
50020644020234040000,TRF4,Acórdão,AG - AGRAVO DE INSTRUMENTO,30/05/2023,ALEXANDRE GONÇALVES LIPPEL,QUINTA TURMA,,,,,,não analisou
50092510220234040000,TRF4,Acórdão,AG - AGRAVO DE INSTRUMENTO,30/05/2023,ALEXANDRE GONÇALVES LIPPEL,QUINTA TURMA,,,decisão de afetação,,,não analisou
50057478520234040000,TRF4,Acórdão,AG - AGRAVO DE INSTRUMENTO,30/05/2023,ALEXANDRE GONÇALVES LIPPEL,QUINTA TURMA,,,decisão de afetação,agravo interno,,não analisou
50040364520234040000,TRF4,Acórdão,AG - AGRAVO DE INSTRUMENTO,30/05/2023,ALEXANDRE GONÇALVES LIPPEL,QUINTA TURMA,,,decisão de afetação,,,não analisou
50080758520234040000,TRF4,Acórdão,AG - AGRAVO DE INSTRUMENTO,30/05/2023,ALEXANDRE GONÇALVES LIPPEL,QUINTA TURMA,,,decisão de afetação,,,não analisou
50039593620234040000,TRF4,Acórdão,AG - AGRAVO DE INSTRUMENTO,30/05/2023,ALEXANDRE GONÇALVES LIPPEL,QUINTA TURMA,,,decisão de afetação,,,não analisou
50178877420214047000,TRF4,Acórdão,ACR - APELAÇÃO CRIMINAL,30/05/2023,ÂNGELO ROBERTO ILHA DA SILVA,SÉTIMA TURMA,,,,,,matéria diversa
50177949120234040000,TRF4,DecisãoMonocrática,AG - AGRAVO DE INSTRUMENTO,29/05/2023,ADRIANE BATTISTI,QUINTA TURMA,,,decisão recorrida anterior ao Tema 1234,,,situação anterior
50178043820234040000,TRF4,DecisãoMonocrática,AG - AGRAVO DE INSTRUMENTO,29/05/2023,ALEXANDRE GONÇALVES LIPPEL,QUINTA TURMA,declinada,justiça estadual,5.2,inclusão da União no polo passivo de ofício,medicamento,
50168482220234040000,TRF4,DecisãoMonocrática,AG - AGRAVO DE INSTRUMENTO,29/05/2023,SEBASTIÃO OGÊ MUNIZ,NONA TURMA,mantida,justiça federal,5.2,proposta contra a União,medicamento,
50082212920234040000,TRF4,DecisãoMonocrática,AG - AGRAVO DE INSTRUMENTO,29/05/2023,LUIZ FERNANDO WOWK PENTEADO,DÉCIMA TURMA,,,,perda do objeto,,não analisou
50478695020224040000,TRF4,DecisãoMonocrática,AG - AGRAVO DE INSTRUMENTO,29/05/2023,CLÁUDIA CRISTINA CRISTOFANI,DÉCIMA TURMA,,,,perda do objeto,,não analisou
50477230920224040000,TRF4,DecisãoMonocrática,AG - AGRAVO DE INSTRUMENTO,29/05/2023,CLÁUDIA CRISTINA CRISTOFANI,DÉCIMA TURMA,,,,perda do objeto,,não analisou
50177429520234040000,TRF4,DecisãoMonocrática,AG - AGRAVO DE INSTRUMENTO,29/05/2023,ALTAIR ANTONIO GREGÓRIO,SEXTA TURMA,declinada,justiça estadual,5.2,inclusão da União por emenda à inicial,medicamento,
50482904020224040000,TRF4,DecisãoMonocrática,AG - AGRAVO DE INSTRUMENTO,27/05/2023,TAÍS SCHILLING FERRAZ,SEXTA TURMA,,,,embargos de declaração,,não analisou
50167260920234040000,TRF4,DecisãoMonocrática,AG - AGRAVO DE INSTRUMENTO,27/05/2023,TAÍS SCHILLING FERRAZ,SEXTA TURMA,,,,,,não analisou
50174337420234040000,TRF4,DecisãoMonocrática,AG - AGRAVO DE INSTRUMENTO,26/05/2023,SEBASTIÃO OGÊ MUNIZ,NONA TURMA,mantida,justiça federal,5.2,proposta contra a União,medicamento,
50173271520234040000,TRF4,DecisãoMonocrática,AG - AGRAVO DE INSTRUMENTO,26/05/2023,SEBASTIÃO OGÊ MUNIZ,NONA TURMA,mantida,justiça federal,5.2,proposta contra a União,medicamento,
50171877820234040000,TRF4,DecisãoMonocrática,AG - AGRAVO DE INSTRUMENTO,26/05/2023,SEBASTIÃO OGÊ MUNIZ,NONA TURMA,mantida,justiça federal,5.2,proposta contra a União,medicamento,
50171358220234040000,TRF4,DecisãoMonocrática,AG - AGRAVO DE INSTRUMENTO,26/05/2023,SEBASTIÃO OGÊ MUNIZ,NONA TURMA,mantida,justiça federal,5.2,proposta contra a União,medicamento,
50164507520234040000,TRF4,DecisãoMonocrática,AG - AGRAVO DE INSTRUMENTO,26/05/2023,SEBASTIÃO OGÊ MUNIZ,NONA TURMA,mantida,justiça federal,5.1,grupo 1A,medicamento,
50345963820214040000,TRF4,DecisãoMonocrática,AG - AGRAVO DE INSTRUMENTO,26/05/2023,FERNANDO QUADROS DA SILVA,VICE-PRESIDÊNCIA,,,,,,sobrestou
50053050520134047200,TRF4,DecisãoMonocrática,Apelação/Remessa Necessária,26/05/2023,FERNANDO QUADROS DA SILVA,VICE-PRESIDÊNCIA,,,,,,sobrestou
50175592720234040000,TRF4,DecisãoMonocrática,AG - AGRAVO DE INSTRUMENTO,26/05/2023,PAULO PAIM DA SILVA,SEXTA TURMA,mantida,justiça estadual,5.1,inclusão da União no polo passivo de ofício,atendimento médico domiciliar,
50174761120234040000,TRF4,DecisãoMonocrática,AG - AGRAVO DE INSTRUMENTO,26/05/2023,PAULO PAIM DA SILVA,SEXTA TURMA,declinada,justiça estadual,5.2,inclusão da União no polo passivo de ofício,medicamento,
50091457420224040000,TRF4,DecisãoMonocrática,AG - AGRAVO DE INSTRUMENTO,26/05/2023,FERNANDO QUADROS DA SILVA,VICE-PRESIDÊNCIA,,,,embargos de declaração,,não analisou
50847734620214047100,TRF4,DecisãoMonocrática,AC - APELAÇÃO CIVEL,26/05/2023,FERNANDO QUADROS DA SILVA,VICE-PRESIDÊNCIA,,,,embargos de declaração,,não analisou
50739744120214047100,TRF4,DecisãoMonocrática,AC - APELAÇÃO CIVEL,26/05/2023,FERNANDO QUADROS DA SILVA,VICE-PRESIDÊNCIA,,,,embargos de declaração,,não analisou
50542244720204040000,TRF4,DecisãoMonocrática,AG - AGRAVO DE INSTRUMENTO,26/05/2023,FERNANDO QUADROS DA SILVA,VICE-PRESIDÊNCIA,,,,embargos de declaração,,não analisou
50390667820224040000,TRF4,DecisãoMonocrática,AG - AGRAVO DE INSTRUMENTO,26/05/2023,FERNANDO QUADROS DA SILVA,VICE-PRESIDÊNCIA,,,,embargos de declaração,,não analisou
50290125320224040000,TRF4,DecisãoMonocrática,AG - AGRAVO DE INSTRUMENTO,26/05/2023,FERNANDO QUADROS DA SILVA,VICE-PRESIDÊNCIA,,,,embargos de declaração,,não analisou
50270084320224040000,TRF4,DecisãoMonocrática,AG - AGRAVO DE INSTRUMENTO,26/05/2023,FERNANDO QUADROS DA SILVA,VICE-PRESIDÊNCIA,,,,embargos de declaração,,não analisou
50233111420224040000,TRF4,DecisãoMonocrática,AG - AGRAVO DE INSTRUMENTO,26/05/2023,FERNANDO QUADROS DA SILVA,VICE-PRESIDÊNCIA,,,,embargos de declaração,,não analisou
50318930320224040000,TRF4,DecisãoMonocrática,AG - AGRAVO DE INSTRUMENTO,26/05/2023,FERNANDO QUADROS DA SILVA,VICE-PRESIDÊNCIA,,,,embargos de declaração,,não analisou
50024511820114047003,TRF4,DecisãoMonocrática,Apelação/Remessa Necessária,26/05/2023,FERNANDO QUADROS DA SILVA,VICE-PRESIDÊNCIA,,,,,,sobrestou
50022047120104047003,TRF4,DecisãoMonocrática,Apelação/Remessa Necessária,26/05/2023,FERNANDO QUADROS DA SILVA,VICE-PRESIDÊNCIA,,,,,,sobrestou
50009081420104047003,TRF4,DecisãoMonocrática,Apelação/Remessa Necessária,26/05/2023,FERNANDO QUADROS DA SILVA,VICE-PRESIDÊNCIA,,,,,,sobrestou
50009081420104047003,TRF4,DecisãoMonocrática,Apelação/Remessa Necessária,26/05/2023,FERNANDO QUADROS DA SILVA,VICE-PRESIDÊNCIA,,,,,,sobrestou
50020409520224047000,TRF4,DecisãoMonocrática,AC - APELAÇÃO CIVEL,26/05/2023,FERNANDO QUADROS DA SILVA,VICE-PRESIDÊNCIA,,,,,,sobrestou
50322840720224047000,TRF4,DecisãoMonocrática,AC - APELAÇÃO CIVEL,26/05/2023,FERNANDO QUADROS DA SILVA,VICE-PRESIDÊNCIA,,,,,,sobrestou
50140897220214047108,TRF4,DecisãoMonocrática,Apelação/Remessa Necessária,26/05/2023,FERNANDO QUADROS DA SILVA,VICE-PRESIDÊNCIA,,,,embargos de declaração,,não analisou
50029165420124047209,TRF4,DecisãoMonocrática,AC - APELAÇÃO CIVEL,26/05/2023,FERNANDO QUADROS DA SILVA,VICE-PRESIDÊNCIA,,,,,,sobrestou
50005358520214047006,TRF4,DecisãoMonocrática,AC - APELAÇÃO CIVEL,26/05/2023,FERNANDO QUADROS DA SILVA,VICE-PRESIDÊNCIA,,,,,,sobrestou
50051084520214047111,TRF4,DecisãoMonocrática,AC - APELAÇÃO CIVEL,26/05/2023,FERNANDO QUADROS DA SILVA,VICE-PRESIDÊNCIA,,,,,,sobrestou
50041334420214047007,TRF4,DecisãoMonocrática,AC - APELAÇÃO CIVEL,26/05/2023,FERNANDO QUADROS DA SILVA,VICE-PRESIDÊNCIA,,,,,,sobrestou
50041334420214047007,TRF4,DecisãoMonocrática,AC - APELAÇÃO CIVEL,26/05/2023,FERNANDO QUADROS DA SILVA,VICE-PRESIDÊNCIA,,,,,,sobrestou
50163277720234040000,TRF4,DecisãoMonocrática,AG - AGRAVO DE INSTRUMENTO,25/05/2023,TAÍS SCHILLING FERRAZ,SEXTA TURMA,mantida,justiça estadual,5.1,oncológico,medicamento,
50165762820234040000,TRF4,DecisãoMonocrática,AG - AGRAVO DE INSTRUMENTO,25/05/2023,TAÍS SCHILLING FERRAZ,SEXTA TURMA,mantida,justiça estadual,5.1,oncológico,medicamento,
50175012420234040000,TRF4,DecisãoMonocrática,AG - AGRAVO DE INSTRUMENTO,25/05/2023,ALEXANDRE GONÇALVES LIPPEL,QUINTA TURMA,,,conflito de competência,decisão do STJ,procedimento não padronizado,não analisou
50041385820104047102,TRF4,DecisãoMonocrática,Apelação/Remessa Necessária,25/05/2023,FERNANDO QUADROS DA SILVA,VICE-PRESIDÊNCIA,,,,,,sobrestou
50507396820224040000,TRF4,DecisãoMonocrática,AG - AGRAVO DE INSTRUMENTO,25/05/2023,CELSO KIPPER,NONA TURMA,mantida,justiça estadual,5.2,inclusão da União por emenda à inicial,medicamento,
50122156520234040000,TRF4,DecisãoMonocrática,AG - AGRAVO DE INSTRUMENTO,25/05/2023,CELSO KIPPER,NONA TURMA,mantida,justiça estadual,5.1,oncológico,medicamento,
50138646520234040000,TRF4,DecisãoMonocrática,AG - AGRAVO DE INSTRUMENTO,25/05/2023,CELSO KIPPER,NONA TURMA,declinada,justiça estadual,5.2,inclusão da União no polo passivo de ofício,medicamento,
50175523520234040000,TRF4,DecisãoMonocrática,AG - AGRAVO DE INSTRUMENTO,25/05/2023,ADRIANE BATTISTI,QUINTA TURMA,,,,segurança jurídica,medicamento,não analisou
50151239520234040000,TRF4,DecisãoMonocrática,AG - AGRAVO DE INSTRUMENTO,25/05/2023,FRANCISCO DONIZETE GOMES,QUINTA TURMA,,,,,atendimento médico domiciliar,não analisou
50143132320234040000,TRF4,DecisãoMonocrática,AG - AGRAVO DE INSTRUMENTO,25/05/2023,FRANCISCO DONIZETE GOMES,QUINTA TURMA,mantida,justiça estadual,5.2,inclusão da União por emenda à inicial,procedimento não padronizado,
50150399420234040000,TRF4,DecisãoMonocrática,AG - AGRAVO DE INSTRUMENTO,25/05/2023,CELSO KIPPER,NONA TURMA,declinada,justiça estadual,5.2,inclusão da União por emenda à inicial,medicamento,
50009722220134047002,TRF4,DecisãoMonocrática,Apelação/Remessa Necessária,24/05/2023,FERNANDO QUADROS DA SILVA,VICE-PRESIDÊNCIA,,,,,,sobrestou
50009722220134047002,TRF4,DecisãoMonocrática,Apelação/Remessa Necessária,24/05/2023,FERNANDO QUADROS DA SILVA,VICE-PRESIDÊNCIA,,,,,,sobrestou
50005824320134047005,TRF4,DecisãoMonocrática,Apelação/Remessa Necessária,24/05/2023,FERNANDO QUADROS DA SILVA,VICE-PRESIDÊNCIA,,,,,,sobrestou
50005824320134047005,TRF4,DecisãoMonocrática,Apelação/Remessa Necessária,24/05/2023,FERNANDO QUADROS DA SILVA,VICE-PRESIDÊNCIA,,,,,,sobrestou
50180861320144047204,TRF4,DecisãoMonocrática,AC - APELAÇÃO CIVEL,24/05/2023,FERNANDO QUADROS DA SILVA,VICE-PRESIDÊNCIA,,,,,,sobrestou
50142574820144047002,TRF4,DecisãoMonocrática,Apelação/Remessa Necessária,24/05/2023,FERNANDO QUADROS DA SILVA,VICE-PRESIDÊNCIA,,,,,,sobrestou
50076239220124047200,TRF4,DecisãoMonocrática,Apelação/Remessa Necessária,24/05/2023,FERNANDO QUADROS DA SILVA,VICE-PRESIDÊNCIA,,,,,,sobrestou
50070105720124047205,TRF4,DecisãoMonocrática,AC - APELAÇÃO CIVEL,24/05/2023,FERNANDO QUADROS DA SILVA,VICE-PRESIDÊNCIA,,,,,,sobrestou
50062750820134047102,TRF4,DecisãoMonocrática,Apelação/Remessa Necessária,24/05/2023,FERNANDO QUADROS DA SILVA,VICE-PRESIDÊNCIA,,,,,,sobrestou
50037357020124047215,TRF4,DecisãoMonocrática,AC - APELAÇÃO CIVEL,24/05/2023,FERNANDO QUADROS DA SILVA,VICE-PRESIDÊNCIA,,,,,,sobrestou
50011355320104047213,TRF4,DecisãoMonocrática,AC - APELAÇÃO CIVEL,24/05/2023,FERNANDO QUADROS DA SILVA,VICE-PRESIDÊNCIA,,,,,,sobrestou
50070602020114047205,TRF4,DecisãoMonocrática,AC - APELAÇÃO CIVEL,24/05/2023,FERNANDO QUADROS DA SILVA,VICE-PRESIDÊNCIA,,,,,,sobrestou
50021683820114047215,TRF4,DecisãoMonocrática,AC - APELAÇÃO CIVEL,24/05/2023,FERNANDO QUADROS DA SILVA,VICE-PRESIDÊNCIA,,,,,,sobrestou
50015033320124047200,TRF4,DecisãoMonocrática,AC - APELAÇÃO CIVEL,24/05/2023,FERNANDO QUADROS DA SILVA,VICE-PRESIDÊNCIA,,,,,,sobrestou
50005406520114047004,TRF4,DecisãoMonocrática,Apelação/Remessa Necessária,24/05/2023,FERNANDO QUADROS DA SILVA,VICE-PRESIDÊNCIA,,,,,,sobrestou
50122381120234040000,TRF4,DecisãoMonocrática,AG - AGRAVO DE INSTRUMENTO,24/05/2023,CELSO KIPPER,NONA TURMA,declinada,justiça estadual,5.2,inclusão da União por emenda à inicial,medicamento,
50173396220204047201,TRF4,DecisãoMonocrática,AC - APELAÇÃO CIVEL,24/05/2023,FERNANDO QUADROS DA SILVA,VICE-PRESIDÊNCIA,,,,,,sobrestou
50012477920204047016,TRF4,DecisãoMonocrática,Apelação/Remessa Necessária,24/05/2023,FERNANDO QUADROS DA SILVA,VICE-PRESIDÊNCIA,,,,,,sobrestou
50173921020234040000,TRF4,DecisãoMonocrática,AG - AGRAVO DE INSTRUMENTO,24/05/2023,ADRIANE BATTISTI,QUINTA TURMA,declinada,justiça estadual,5.2,inclusão da União no polo passivo de ofício,medicamento,
50169123220234040000,TRF4,DecisãoMonocrática,AG - AGRAVO DE INSTRUMENTO,24/05/2023,ADRIANE BATTISTI,QUINTA TURMA,declinada,justiça estadual,5.2,inclusão da União no polo passivo de ofício,medicamento,
50172259020234040000,TRF4,DecisãoMonocrática,AG - AGRAVO DE INSTRUMENTO,24/05/2023,PAULO PAIM DA SILVA,SEXTA TURMA,declinada,justiça estadual,5.2,,medicamento,
50169001820234040000,TRF4,DecisãoMonocrática,AG - AGRAVO DE INSTRUMENTO,24/05/2023,SEBASTIÃO OGÊ MUNIZ,NONA TURMA,mantida,justiça federal,5.2,proposta contra a União,medicamento,
50168473720234040000,TRF4,DecisãoMonocrática,AG - AGRAVO DE INSTRUMENTO,24/05/2023,SEBASTIÃO OGÊ MUNIZ,NONA TURMA,mantida,justiça federal,5.2,proposta contra a União,medicamento,
50119410420234040000,TRF4,Acórdão,AG - AGRAVO DE INSTRUMENTO,23/05/2023,OSCAR VALENTE CARDOSO,DÉCIMA TURMA,declinada,justiça estadual,5.2,,medicamento,
50167677320234040000,TRF4,DecisãoMonocrática,AG - AGRAVO DE INSTRUMENTO,23/05/2023,OSCAR VALENTE CARDOSO,DÉCIMA TURMA,declinada,justiça estadual,5.2,,medicamento,
50501576820224040000,TRF4,Acórdão,AG - AGRAVO DE INSTRUMENTO,23/05/2023,CLÁUDIA CRISTINA CRISTOFANI,DÉCIMA TURMA,mantida,justiça federal,5.2,proposta contra a União,procedimento não padronizado,
50247313720214047001,TRF4,Acórdão,Apelação/Remessa Necessária,23/05/2023,CLÁUDIA CRISTINA CRISTOFANI,DÉCIMA TURMA,,,,embargos de declaração,insumo,não analisou
50099794320234040000,TRF4,Acórdão,AG - AGRAVO DE INSTRUMENTO,23/05/2023,CLÁUDIA CRISTINA CRISTOFANI,DÉCIMA TURMA,declinada,justiça estadual,5.2,inclusão da União no polo passivo de ofício,medicamento,
50079562720234040000,TRF4,Acórdão,AG - AGRAVO DE INSTRUMENTO,23/05/2023,CLÁUDIA CRISTINA CRISTOFANI,DÉCIMA TURMA,declinada,justiça estadual,5.2,inclusão da União no polo passivo de ofício,medicamento,
50056846020234040000,TRF4,Acórdão,AG - AGRAVO DE INSTRUMENTO,23/05/2023,CLÁUDIA CRISTINA CRISTOFANI,DÉCIMA TURMA,mantida,justiça estadual,5.1,repartição de competência,medicamento,
50053043720234040000,TRF4,Acórdão,AG - AGRAVO DE INSTRUMENTO,23/05/2023,CLÁUDIA CRISTINA CRISTOFANI,DÉCIMA TURMA,,,,,medicamento,situação anterior
50043179820234040000,TRF4,Acórdão,AG - AGRAVO DE INSTRUMENTO,23/05/2023,CLÁUDIA CRISTINA CRISTOFANI,DÉCIMA TURMA,declinada,justiça estadual,5.2,inclusão da União no polo passivo de ofício,medicamento,
50511813420224040000,TRF4,Acórdão,AG - AGRAVO DE INSTRUMENTO,23/05/2023,FRANCISCO DONIZETE GOMES,QUINTA TURMA,mantida,justiça estadual,5.2,inclusão da União por emenda à inicial,medicamento,
50484498020224040000,TRF4,Acórdão,AG - AGRAVO DE INSTRUMENTO,23/05/2023,FRANCISCO DONIZETE GOMES,QUINTA TURMA,mantida,justiça estadual,5.2,inclusão da União por emenda à inicial,,
50479560620224040000,TRF4,Acórdão,AG - AGRAVO DE INSTRUMENTO,23/05/2023,FRANCISCO DONIZETE GOMES,QUINTA TURMA,,,,,medicamento,não analisou
50470813620224040000,TRF4,Acórdão,AG - AGRAVO DE INSTRUMENTO,23/05/2023,FRANCISCO DONIZETE GOMES,QUINTA TURMA,mantida,justiça estadual,5.2,inclusão da União por emenda à inicial,medicamento,
50141228020214047102,TRF4,Acórdão,Apelação/Remessa Necessária,23/05/2023,FRANCISCO DONIZETE GOMES,QUINTA TURMA,mantida,,5.2,,medicamento,
50060128720234040000,TRF4,Acórdão,AG - AGRAVO DE INSTRUMENTO,23/05/2023,FRANCISCO DONIZETE GOMES,QUINTA TURMA,mantida,justiça estadual,5.2,inclusão da União por emenda à inicial,medicamento,
50055555520234040000,TRF4,Acórdão,AG - AGRAVO DE INSTRUMENTO,23/05/2023,FRANCISCO DONIZETE GOMES,QUINTA TURMA,mantida,justiça estadual,5.2,inclusão da União por emenda à inicial,medicamento,
50015993120234040000,TRF4,Acórdão,AG - AGRAVO DE INSTRUMENTO,23/05/2023,FRANCISCO DONIZETE GOMES,QUINTA TURMA,mantida,justiça estadual,5.2,inclusão da União por emenda à inicial,medicamento,
50210181420224047100,TRF4,Acórdão,AC - APELAÇÃO CIVEL,23/05/2023,FRANCISCO DONIZETE GOMES,QUINTA TURMA,mantida,justiça estadual,5.2,inclusão da União por emenda à inicial,medicamento,
50000795620224047118,TRF4,Acórdão,AC - APELAÇÃO CIVEL,23/05/2023,FRANCISCO DONIZETE GOMES,QUINTA TURMA,,,,,medicamento,situação anterior
50463149520224040000,TRF4,Acórdão,AG - AGRAVO DE INSTRUMENTO,23/05/2023,MÁRCIA VOGEL VIDAL DE OLIVEIRA,DÉCIMA TURMA,,,,embargos de declaração,medicamento,não analisou
50329765420224040000,TRF4,DecisãoMonocrática,AG - AGRAVO DE INSTRUMENTO,22/05/2023,OSCAR VALENTE CARDOSO,DÉCIMA TURMA,mantida,justiça estadual,5.3,sentenciado,medicamento,
50159536120234040000,TRF4,DecisãoMonocrática,AG - AGRAVO DE INSTRUMENTO,22/05/2023,OSCAR VALENTE CARDOSO,DÉCIMA TURMA,declinada,justiça estadual,5.3,sentenciado,insumo,
50144942420234040000,TRF4,DecisãoMonocrática,AG - AGRAVO DE INSTRUMENTO,22/05/2023,MÁRCIA VOGEL VIDAL DE OLIVEIRA,DÉCIMA TURMA,declinada,justiça estadual,5.2,,medicamento,
50135051820234040000,TRF4,DecisãoMonocrática,AG - AGRAVO DE INSTRUMENTO,22/05/2023,OSCAR VALENTE CARDOSO,DÉCIMA TURMA,declinada,justiça estadual,5.2,inclusão da União no polo passivo de ofício,medicamento,
50141711920234040000,TRF4,DecisãoMonocrática,AG - AGRAVO DE INSTRUMENTO,19/05/2023,CELSO KIPPER,NONA TURMA,declinada,justiça estadual,5.2,inclusão da União no polo passivo de ofício,medicamento,
50163242520234040000,TRF4,DecisãoMonocrática,AG - AGRAVO DE INSTRUMENTO,19/05/2023,ALEXANDRE GONÇALVES LIPPEL,QUINTA TURMA,declinada,justiça estadual,5.2,inclusão da União no polo passivo de ofício,medicamento,
50152685420234040000,TRF4,DecisãoMonocrática,AG - AGRAVO DE INSTRUMENTO,19/05/2023,OSCAR VALENTE CARDOSO,DÉCIMA TURMA,declinada,justiça estadual,5.2,inclusão da União no polo passivo de ofício,medicamento,
50146631120234040000,TRF4,DecisãoMonocrática,AG - AGRAVO DE INSTRUMENTO,19/05/2023,OSCAR VALENTE CARDOSO,DÉCIMA TURMA,declinada,justiça estadual,5.2,inclusão da União no polo passivo de ofício,medicamento,
50167962620234040000,TRF4,DecisãoMonocrática,AG - AGRAVO DE INSTRUMENTO,19/05/2023,SEBASTIÃO OGÊ MUNIZ,NONA TURMA,mantida,justiça federal,5.2,proposta contra a União,medicamento,
50167114020234040000,TRF4,DecisãoMonocrática,AG - AGRAVO DE INSTRUMENTO,19/05/2023,SEBASTIÃO OGÊ MUNIZ,NONA TURMA,mantida,justiça federal,5.2,proposta contra a União,medicamento,
50167088520234040000,TRF4,DecisãoMonocrática,AG - AGRAVO DE INSTRUMENTO,19/05/2023,SEBASTIÃO OGÊ MUNIZ,NONA TURMA,mantida,justiça federal,5.2,proposta contra a União,medicamento,
50165668120234040000,TRF4,DecisãoMonocrática,AG - AGRAVO DE INSTRUMENTO,18/05/2023,TAÍS SCHILLING FERRAZ,SEXTA TURMA,mantida,justiça federal,5.1,proposta contra a União,procedimento de alta complexidade hospitalar,
50150571820234040000,TRF4,DecisãoMonocrática,AG - AGRAVO DE INSTRUMENTO,18/05/2023,SEBASTIÃO OGÊ MUNIZ,NONA TURMA,mantida,justiça federal,5.2,proposta contra a União,medicamento,
50036008620234040000,TRF4,Acórdão,AG - AGRAVO DE INSTRUMENTO,17/05/2023,JOÃO BATISTA PINTO SILVEIRA,SEXTA TURMA,declinada,justiça estadual,5.2,inclusão da União por emenda à inicial,medicamento,
50515060920224040000,TRF4,Acórdão,AG - AGRAVO DE INSTRUMENTO,17/05/2023,JOÃO BATISTA PINTO SILVEIRA,SEXTA TURMA,,,,,atendimento médico domiciliar,situação anterior
50456973820224040000,TRF4,Acórdão,AG - AGRAVO DE INSTRUMENTO,17/05/2023,JOÃO BATISTA PINTO SILVEIRA,SEXTA TURMA,,,,embargos de declaração,medicamento,não analisou
50107355220234040000,TRF4,Acórdão,AG - AGRAVO DE INSTRUMENTO,17/05/2023,JOÃO BATISTA PINTO SILVEIRA,SEXTA TURMA,,,decisão de afetação,,medicamento,não analisou
50516239720224040000,TRF4,Acórdão,AG - AGRAVO DE INSTRUMENTO,17/05/2023,PAULO PAIM DA SILVA,SEXTA TURMA,,,,agravo interno,medicamento,não analisou
50513805620224040000,TRF4,Acórdão,AG - AGRAVO DE INSTRUMENTO,17/05/2023,PAULO PAIM DA SILVA,SEXTA TURMA,,,,,atendimento médico domiciliar,situação anterior
50508825720224040000,TRF4,Acórdão,AG - AGRAVO DE INSTRUMENTO,17/05/2023,PAULO PAIM DA SILVA,SEXTA TURMA,,,decisão de afetação,,medicamento,não analisou
50502191120224040000,TRF4,Acórdão,AG - AGRAVO DE INSTRUMENTO,17/05/2023,PAULO PAIM DA SILVA,SEXTA TURMA,,,decisão de afetação,,medicamento,situação anterior
50165555220234040000,TRF4,DecisãoMonocrática,AG - AGRAVO DE INSTRUMENTO,17/05/2023,ADRIANE BATTISTI,QUINTA TURMA,declinada,justiça estadual,5.2,inclusão da União por emenda à inicial,medicamento,
50164966420234040000,TRF4,DecisãoMonocrática,AG - AGRAVO DE INSTRUMENTO,17/05/2023,SEBASTIÃO OGÊ MUNIZ,NONA TURMA,mantida,justiça federal,5.2,proposta contra a União,medicamento,
50163900520234040000,TRF4,DecisãoMonocrática,AG - AGRAVO DE INSTRUMENTO,17/05/2023,SEBASTIÃO OGÊ MUNIZ,NONA TURMA,mantida,justiça federal,5.2,proposta contra a União,medicamento,
50163805820234040000,TRF4,DecisãoMonocrática,AG - AGRAVO DE INSTRUMENTO,17/05/2023,SEBASTIÃO OGÊ MUNIZ,NONA TURMA,mantida,justiça federal,5.2,proposta contra a União,medicamento,
50162601520234040000,TRF4,DecisãoMonocrática,AG - AGRAVO DE INSTRUMENTO,17/05/2023,SEBASTIÃO OGÊ MUNIZ,NONA TURMA,mantida,justiça federal,5.2,proposta contra a União,medicamento,
50023523220214049999,TRF4,Acórdão,AC - APELAÇÃO CIVEL,17/05/2023,ELIANA PAGGIARIN MARINHO,DÉCIMA PRIMEIRA TURMA,,,,,,matéria diversa