processo,origem,tipo,classe,data_da_decisao,rel,orgao_julgador,resultado,justiça,fundamento,motivo,prestação,exclusão,oncológico,,
50341626420224047000,Turmas Recursais,Acórdão,RECURSO CÍVEL,10/10/2023,ALEXANDRE MOREIRA GAUTÉ,SEGUNDA TURMA RECURSAL DO PR,,,,,,matéria diversa,,,
50223048120234047200,Turmas Recursais,Acórdão,MANDADO DE SEGURANÇA TR,26/09/2023,GILSON JACOBSEN,TERCEIRA TURMA RECURSAL DE SC,declinada,justiça estadual,5.2,inclusão da União no polo passivo de ofício,medicamento,,,,
50107384820224047208,Turmas Recursais,Acórdão,RECURSO CÍVEL,26/09/2023,ANTONIO FERNANDO SCHENKEL DO AMARAL E SILVA,TERCEIRA TURMA RECURSAL DE SC,mantida,justiça estadual,5.1,grupo 1A,medicamento,,,,
50061429320234047108,Turmas Recursais,Acórdão,RECURSO CÍVEL,26/09/2023,DANIEL MACHADO DA ROCHA,SEGUNDA TURMA RECURSAL DO RS,,,,,,matéria diversa,,,
50551559420234047000,Turmas Recursais,Acórdão,MANDADO DE SEGURANÇA TR,21/09/2023,NICOLAU KONKEL JÚNIOR,PRIMEIRA TURMA RECURSAL DO PR,declinada,justiça estadual,5.1,repartição de competência,insumo,,,,
50081588120224047002,Turmas Recursais,Acórdão,RECURSO CÍVEL,21/09/2023,MÁRCIA VOGEL VIDAL DE OLIVEIRA,PRIMEIRA TURMA RECURSAL DO PR,mantida,justiça federal,5.3,sentenciado,medicamento,,,,
50065979820224047009,Turmas Recursais,Acórdão,RECURSO CÍVEL,21/09/2023,MÁRCIA VOGEL VIDAL DE OLIVEIRA,PRIMEIRA TURMA RECURSAL DO PR,mantida,justiça federal,5.3,sentenciado,medicamento,,,,
50027602620224047012,Turmas Recursais,Acórdão,RECURSO CÍVEL,21/09/2023,MÁRCIA VOGEL VIDAL DE OLIVEIRA,PRIMEIRA TURMA RECURSAL DO PR,,,,,,não analisou,,,
50715968720224047000,Turmas Recursais,Acórdão,RECURSO CÍVEL,21/09/2023,MÁRCIA VOGEL VIDAL DE OLIVEIRA,PRIMEIRA TURMA RECURSAL DO PR,mantida,justiça federal,5.3,sentenciado,medicamento,,,,
50078792320214047005,Turmas Recursais,Acórdão,RECURSO CÍVEL,21/09/2023,MÁRCIA VOGEL VIDAL DE OLIVEIRA,PRIMEIRA TURMA RECURSAL DO PR,mantida,justiça estadual,5.3,sentenciado,insumo,,,,
50191089220214047000,Turmas Recursais,Acórdão,MANDADO DE SEGURANÇA TR,21/09/2023,MÁRCIA VOGEL VIDAL DE OLIVEIRA,PRIMEIRA TURMA RECURSAL DO PR,declinada,justiça estadual,5.3,sentenciado,medicamento,,,,
50233681820214047000,Turmas Recursais,Acórdão,MANDADO DE SEGURANÇA TR,21/09/2023,MÁRCIA VOGEL VIDAL DE OLIVEIRA,PRIMEIRA TURMA RECURSAL DO PR,declinada,justiça estadual,5.3,sentenciado,medicamento,,,,
50108428220224047000,Turmas Recursais,Acórdão,MANDADO DE SEGURANÇA TR,21/09/2023,MÁRCIA VOGEL VIDAL DE OLIVEIRA,PRIMEIRA TURMA RECURSAL DO PR,declinada,justiça estadual,5.3,sentenciado,medicamento,,,,
50359435820214047000,Turmas Recursais,Acórdão,MANDADO DE SEGURANÇA TR,21/09/2023,MÁRCIA VOGEL VIDAL DE OLIVEIRA,PRIMEIRA TURMA RECURSAL DO PR,declinada,justiça estadual,5.3,sentenciado,medicamento,,,,
50036392820204047004,Turmas Recursais,Acórdão,RECURSO CÍVEL,21/09/2023,MÁRCIA VOGEL VIDAL DE OLIVEIRA,PRIMEIRA TURMA RECURSAL DO PR,mantida,justiça estadual,5.3,sentenciado,medicamento,,,,
50698932420224047000,Turmas Recursais,Acórdão,MANDADO DE SEGURANÇA TR,21/09/2023,MÁRCIA VOGEL VIDAL DE OLIVEIRA,PRIMEIRA TURMA RECURSAL DO PR,declinada,justiça estadual,5.3,sentenciado,medicamento,,,,
50211703720234047000,Turmas Recursais,Acórdão,MANDADO DE SEGURANÇA TR,21/09/2023,MÁRCIA VOGEL VIDAL DE OLIVEIRA,PRIMEIRA TURMA RECURSAL DO PR,declinada,justiça estadual,5.3,sentenciado,medicamento,,,,
50209146220214047001,Turmas Recursais,Acórdão,RECURSO CÍVEL,21/09/2023,RODRIGO DE SOUZA CRUZ,PRIMEIRA TURMA RECURSAL DO PR,mantida,justiça estadual,5.3,sentenciado,medicamento,,,,
50275934720224047000,Turmas Recursais,Acórdão,RECURSO CÍVEL,21/09/2023,RODRIGO DE SOUZA CRUZ,PRIMEIRA TURMA RECURSAL DO PR,mantida,justiça estadual,5.3,sentenciado,insumo,,,,
50090699420214047013,Turmas Recursais,Acórdão,RECURSO CÍVEL,21/09/2023,RODRIGO DE SOUZA CRUZ,PRIMEIRA TURMA RECURSAL DO PR,mantida,justiça estadual,5.3,sentenciado,medicamento,,,,
50594415220224047000,Turmas Recursais,Acórdão,RECURSO CÍVEL,20/09/2023,ALEXANDRE MOREIRA GAUTÉ,SEGUNDA TURMA RECURSAL DO PR,,,,,,matéria diversa,,,
50340129720234040000,TRF4,DecisãoMonocrática,AG - AGRAVO DE INSTRUMENTO,14/10/2023,RICARDO TEIXEIRA DO VALLE PEREIRA,SEXTA TURMA,mantida,justiça estadual,5.1,oncológico,medicamento,,TRUE,,
50313601020234040000,TRF4,DecisãoMonocrática,AG - AGRAVO DE INSTRUMENTO,13/10/2023,RICARDO TEIXEIRA DO VALLE PEREIRA,SEXTA TURMA,declinada,justiça estadual,5.1,repartição de competência,procedimento de alta complexidade hospitalar,,,,
50334716420234040000,TRF4,DecisãoMonocrática,AG - AGRAVO DE INSTRUMENTO,13/10/2023,MÁRCIO ANTÔNIO ROCHA,DÉCIMA TURMA,declinada,justiça estadual,5.2,inclusão da União no polo passivo de ofício,medicamento,,,,
50357363920234040000,TRF4,DecisãoMonocrática,AG - AGRAVO DE INSTRUMENTO,13/10/2023,ADRIANE BATTISTI,SEXTA TURMA,declinada,justiça estadual,5.2,inclusão da União por emenda à inicial,medicamento,,,,
50357797320234040000,TRF4,DecisãoMonocrática,AG - AGRAVO DE INSTRUMENTO,13/10/2023,SEBASTIÃO OGÊ MUNIZ,NONA TURMA,mantida,justiça federal,5.2,proposta contra a União,medicamento,,TRUE,,
50288493920234040000,TRF4,DecisãoMonocrática,AG - AGRAVO DE INSTRUMENTO,13/10/2023,RICARDO TEIXEIRA DO VALLE PEREIRA,SEXTA TURMA,declinada,justiça federal,5.1,repartição de competência,procedimento de alta complexidade hospitalar,,,,
50356506820234040000,TRF4,DecisãoMonocrática,AG - AGRAVO DE INSTRUMENTO,13/10/2023,ADRIANE BATTISTI,SEXTA TURMA,declinada,justiça estadual,5.2,inclusão da União por emenda à inicial,medicamento,,,,
50351682320234040000,TRF4,DecisãoMonocrática,AG - AGRAVO DE INSTRUMENTO,11/10/2023,RICARDO TEIXEIRA DO VALLE PEREIRA,SEXTA TURMA,mantida,justiça estadual,5.1,oncológico,medicamento,,TRUE,oncológico,
50353146420234040000,TRF4,DecisãoMonocrática,AG - AGRAVO DE INSTRUMENTO,11/10/2023,RICARDO TEIXEIRA DO VALLE PEREIRA,SEXTA TURMA,mantida,justiça estadual,5.1,oncológico,medicamento,,TRUE,oncológico,
50356056420234040000,TRF4,DecisãoMonocrática,AG - AGRAVO DE INSTRUMENTO,11/10/2023,RICARDO TEIXEIRA DO VALLE PEREIRA,SEXTA TURMA,mantida,justiça estadual,5.1,oncológico,medicamento,,TRUE,oncológico,
50354038720234040000,TRF4,DecisãoMonocrática,AG - AGRAVO DE INSTRUMENTO,11/10/2023,ADRIANE BATTISTI,SEXTA TURMA,mantida,justiça estadual,5.2,inclusão da União por emenda à inicial,medicamento,,,,
50353978020234040000,TRF4,DecisãoMonocrática,AG - AGRAVO DE INSTRUMENTO,11/10/2023,OSNI CARDOSO FILHO,QUINTA TURMA,mantida,justiça estadual,5.1,compete à União o ressarcimento administrativo,atendimento médico domiciliar,,,Diz ser atribuída aos estados e municípios mas custeio da União.,
50356827320234040000,TRF4,DecisãoMonocrática,AG - AGRAVO DE INSTRUMENTO,11/10/2023,OSNI CARDOSO FILHO,QUINTA TURMA,mantida,justiça estadual,5.1,repartição de competência,medicamento,,TRUE,oncológico,
50186193520234040000,TRF4,Acórdão,AG - AGRAVO DE INSTRUMENTO,11/10/2023,RICARDO TEIXEIRA DO VALLE PEREIRA,SEXTA TURMA,mantida,justiça estadual,5.1,oncológico,medicamento,,TRUE,,
50106800420234040000,TRF4,Acórdão,AG - AGRAVO DE INSTRUMENTO,11/10/2023,TAÍS SCHILLING FERRAZ,SEXTA TURMA,mantida,justiça estadual,5.1,oncológico,medicamento,,TRUE,,
50107476620234040000,TRF4,Acórdão,AG - AGRAVO DE INSTRUMENTO,11/10/2023,TAÍS SCHILLING FERRAZ,SEXTA TURMA,declinada,justiça estadual,5.2,inclusão da União por emenda à inicial,procedimento não padronizado,,,,
50217459320234040000,TRF4,Acórdão,AG - AGRAVO DE INSTRUMENTO,11/10/2023,TAÍS SCHILLING FERRAZ,SEXTA TURMA,mantida,justiça federal,5.1,repartição de competência,procedimento de alta complexidade hospitalar,,,,
50276083020234040000,TRF4,Acórdão,AG - AGRAVO DE INSTRUMENTO,11/10/2023,RICARDO TEIXEIRA DO VALLE PEREIRA,SEXTA TURMA,mantida,justiça estadual,5.1,oncológico,medicamento,,TRUE,,
50341003820234040000,TRF4,DecisãoMonocrática,AG - AGRAVO DE INSTRUMENTO,10/10/2023,SEBASTIÃO OGÊ MUNIZ,NONA TURMA,mantida,justiça federal,5.2,proposta contra a União,medicamento,,TRUE,oncológico,
50352713020234040000,TRF4,DecisãoMonocrática,AG - AGRAVO DE INSTRUMENTO,10/10/2023,SEBASTIÃO OGÊ MUNIZ,NONA TURMA,mantida,justiça federal,5.2,proposta contra a União,medicamento,,TRUE,oncológico,
50352643820234040000,TRF4,DecisãoMonocrática,AG - AGRAVO DE INSTRUMENTO,10/10/2023,SEBASTIÃO OGÊ MUNIZ,NONA TURMA,mantida,justiça federal,5.2,proposta contra a União,medicamento,,,,
50353579820234040000,TRF4,DecisãoMonocrática,AG - AGRAVO DE INSTRUMENTO,10/10/2023,SEBASTIÃO OGÊ MUNIZ,NONA TURMA,mantida,justiça federal,5.2,proposta contra a União,medicamento,,TRUE,oncológico,
50349006620234040000,TRF4,DecisãoMonocrática,AG - AGRAVO DE INSTRUMENTO,10/10/2023,SEBASTIÃO OGÊ MUNIZ,NONA TURMA,mantida,justiça estadual,5.1,repartição de competência,medicamento,,TRUE,oncológico,
50351102020234040000,TRF4,DecisãoMonocrática,AG - AGRAVO DE INSTRUMENTO,10/10/2023,CLÁUDIA CRISTINA CRISTOFANI,DÉCIMA TURMA,declinada,justiça estadual,5.2,inclusão da União no polo passivo de ofício,medicamento,,,,
50269084020224047000,TRF4,DecisãoMonocrática,AC - APELAÇÃO CIVEL,10/10/2023,JOÃO BATISTA PINTO SILVEIRA,VICE-PRESIDÊNCIA,,,,,,sobrestou,,,
50312215820234040000,TRF4,Acórdão,AG - AGRAVO DE INSTRUMENTO,10/10/2023,CELSO KIPPER,NONA TURMA,mantida,justiça estadual,5.1,grupo 1A,medicamento,,,,
50074479620234040000,TRF4,Acórdão,AG - AGRAVO DE INSTRUMENTO,10/10/2023,CELSO KIPPER,NONA TURMA,declinada,justiça estadual,5.2,inclusão da União no polo passivo de ofício,medicamento,,,,
50277581120234040000,TRF4,Acórdão,AG - AGRAVO DE INSTRUMENTO,10/10/2023,CELSO KIPPER,NONA TURMA,mantida,justiça estadual,5.1,repartição de competência,medicamento,,TRUE,oncológico,
50072261620234040000,TRF4,Acórdão,AG - AGRAVO DE INSTRUMENTO,10/10/2023,CELSO KIPPER,NONA TURMA,mantida,justiça estadual,5.1,repartição de competência,medicamento,,TRUE,oncológico,
50119618220214047204,TRF4,Acórdão,AC - APELAÇÃO CIVEL,10/10/2023,CELSO KIPPER,NONA TURMA,mantida,justiça federal,5.2,proposta contra a União,medicamento,,TRUE,oncológico,
50099932720234040000,TRF4,Acórdão,AG - AGRAVO DE INSTRUMENTO,10/10/2023,CELSO KIPPER,NONA TURMA,declinada,justiça estadual,5.2,inclusão da União no polo passivo de ofício,medicamento,,,,
50095609820214047208,TRF4,Acórdão,AC - APELAÇÃO CIVEL,10/10/2023,CELSO KIPPER,NONA TURMA,mantida,justiça estadual,5.3,sentenciado,medicamento,,TRUE,oncológico,
50229072620234040000,TRF4,Acórdão,AG - AGRAVO DE INSTRUMENTO,10/10/2023,SEBASTIÃO OGÊ MUNIZ,NONA TURMA,mantida,justiça federal,5.2,proposta contra a União,medicamento,,,,
50039455220234040000,TRF4,Acórdão,AG - AGRAVO DE INSTRUMENTO,10/10/2023,SEBASTIÃO OGÊ MUNIZ,NONA TURMA,declinada,justiça estadual,5.2,inclusão da União por emenda à inicial,medicamento,,,não se aplica 5.3 pela setença ter sido posteriormente a 17/04/2023,
50348377520224040000,TRF4,Acórdão,AG - AGRAVO DE INSTRUMENTO,10/10/2023,SEBASTIÃO OGÊ MUNIZ,NONA TURMA,declinada,justiça estadual,5.2,inclusão da União por emenda à inicial,medicamento,,,,
50264061820234040000,TRF4,Acórdão,AG - AGRAVO DE INSTRUMENTO,10/10/2023,SEBASTIÃO OGÊ MUNIZ,NONA TURMA,mantida,justiça federal,5.2,proposta contra a União,medicamento,,TRUE,,
50261698120234040000,TRF4,Acórdão,AG - AGRAVO DE INSTRUMENTO,10/10/2023,SEBASTIÃO OGÊ MUNIZ,NONA TURMA,mantida,justiça federal,5.2,proposta contra a União,medicamento,,TRUE,,
50253955120234040000,TRF4,Acórdão,AG - AGRAVO DE INSTRUMENTO,10/10/2023,SEBASTIÃO OGÊ MUNIZ,NONA TURMA,mantida,justiça federal,5.2,proposta contra a União,medicamento,,TRUE,,
50248646220234040000,TRF4,Acórdão,AG - AGRAVO DE INSTRUMENTO,10/10/2023,SEBASTIÃO OGÊ MUNIZ,NONA TURMA,mantida,justiça federal,5.2,proposta contra a União,medicamento,,,,
50247112920234040000,TRF4,Acórdão,AG - AGRAVO DE INSTRUMENTO,10/10/2023,SEBASTIÃO OGÊ MUNIZ,NONA TURMA,mantida,justiça federal,5.2,proposta contra a União,medicamento,,TRUE,,
50247026720234040000,TRF4,Acórdão,AG - AGRAVO DE INSTRUMENTO,10/10/2023,SEBASTIÃO OGÊ MUNIZ,NONA TURMA,mantida,justiça federal,5.2,proposta contra a União,medicamento,,,,
50124988820234040000,TRF4,Acórdão,PEDIDO DE EFEITO SUSPENSIVO À APELAÇÃO (TURMA),10/10/2023,SEBASTIÃO OGÊ MUNIZ,NONA TURMA,mantida,justiça estadual,5.3,sentenciado,procedimento não padronizado,,,,
50047873220234040000,TRF4,Acórdão,AG - AGRAVO DE INSTRUMENTO,10/10/2023,SEBASTIÃO OGÊ MUNIZ,NONA TURMA,mantida,justiça federal,5.2,proposta contra a União,medicamento,,,,
50282015920234040000,TRF4,Acórdão,AG - AGRAVO DE INSTRUMENTO,10/10/2023,SEBASTIÃO OGÊ MUNIZ,NONA TURMA,mantida,justiça federal,5.1,repartição de competência,medicamento,,TRUE,oncológico,
50251910720234040000,TRF4,Acórdão,AG - AGRAVO DE INSTRUMENTO,10/10/2023,SEBASTIÃO OGÊ MUNIZ,NONA TURMA,mantida,justiça federal,5.2,proposta contra a União,medicamento,,TRUE,,
50250282720234040000,TRF4,Acórdão,AG - AGRAVO DE INSTRUMENTO,10/10/2023,SEBASTIÃO OGÊ MUNIZ,NONA TURMA,mantida,justiça federal,5.2,proposta contra a União,medicamento,,TRUE,oncológico,
50250620220234040000,TRF4,Acórdão,AG - AGRAVO DE INSTRUMENTO,10/10/2023,SEBASTIÃO OGÊ MUNIZ,NONA TURMA,mantida,justiça federal,5.2,proposta contra a União,procedimento não padronizado,,,,
50248334220234040000,TRF4,Acórdão,AG - AGRAVO DE INSTRUMENTO,10/10/2023,SEBASTIÃO OGÊ MUNIZ,NONA TURMA,mantida,justiça federal,5.1,repartição de competência,medicamento,,TRUE,oncológico,
50246740220234040000,TRF4,Acórdão,AG - AGRAVO DE INSTRUMENTO,10/10/2023,SEBASTIÃO OGÊ MUNIZ,NONA TURMA,mantida,justiça federal,5.2,proposta contra a União,medicamento,,TRUE,,
50239941720234040000,TRF4,Acórdão,AG - AGRAVO DE INSTRUMENTO,10/10/2023,SEBASTIÃO OGÊ MUNIZ,NONA TURMA,mantida,justiça federal,5.2,proposta contra a União,medicamento,,,,
50239223020234040000,TRF4,Acórdão,AG - AGRAVO DE INSTRUMENTO,10/10/2023,SEBASTIÃO OGÊ MUNIZ,NONA TURMA,declinada,justiça estadual,5.2,inclusão da União por emenda à inicial,medicamento,,TRUE,ONCOLÓGICO,
50238764120234040000,TRF4,Acórdão,PEDIDO DE EFEITO SUSPENSIVO À APELAÇÃO (TURMA),10/10/2023,SEBASTIÃO OGÊ MUNIZ,NONA TURMA,mantida,justiça federal,5.2,proposta contra a União,medicamento,,TRUE,oncológico,
50228207020234040000,TRF4,Acórdão,AG - AGRAVO DE INSTRUMENTO,10/10/2023,SEBASTIÃO OGÊ MUNIZ,NONA TURMA,mantida,justiça federal,5.2,proposta contra a União,medicamento,,TRUE,oncológico,
50003267320224047203,TRF4,Acórdão,Apelação/Remessa Necessária,10/10/2023,SEBASTIÃO OGÊ MUNIZ,NONA TURMA,mantida,justiça federal,5.3,sentenciado,medicamento,,TRUE,oncológico,
50015253420214047214,TRF4,Acórdão,AC - APELAÇÃO CIVEL,10/10/2023,SEBASTIÃO OGÊ MUNIZ,NONA TURMA,mantida,justiça estadual,5.3,sentenciado,medicamento,,TRUE,oncológico,
50007428120214047201,TRF4,Acórdão,AC - APELAÇÃO CIVEL,10/10/2023,SEBASTIÃO OGÊ MUNIZ,NONA TURMA,mantida,justiça federal,5.3,sentenciado,medicamento,,,,
50019228320224047206,TRF4,Acórdão,AC - APELAÇÃO CIVEL,10/10/2023,SEBASTIÃO OGÊ MUNIZ,NONA TURMA,mantida,justiça federal,5.3,sentenciado,medicamento,,TRUE,oncológico,
50015654920214047203,TRF4,Acórdão,Apelação/Remessa Necessária,10/10/2023,SEBASTIÃO OGÊ MUNIZ,NONA TURMA,mantida,justiça federal,5.3,sentenciado,medicamento,,TRUE,oncológico,
50023683220214047203,TRF4,Acórdão,REMESSA NECESSÁRIA CÍVEL,10/10/2023,SEBASTIÃO OGÊ MUNIZ,NONA TURMA,mantida,justiça federal,5.3,sentenciado,medicamento,,TRUE,oncológico,
50019646320214047208,TRF4,Acórdão,AC - APELAÇÃO CIVEL,10/10/2023,SEBASTIÃO OGÊ MUNIZ,NONA TURMA,mantida,justiça estadual,5.3,sentenciado,medicamento,,,,
50052763920194047201,TRF4,Acórdão,Apelação/Remessa Necessária,10/10/2023,SEBASTIÃO OGÊ MUNIZ,NONA TURMA,mantida,justiça estadual,5.3,sentenciado,medicamento,,,,
50018478720214047203,TRF4,Acórdão,Apelação/Remessa Necessária,10/10/2023,SEBASTIÃO OGÊ MUNIZ,NONA TURMA,mantida,justiça federal,5.3,sentenciado,medicamento,,TRUE,oncológico,
50021823720204047205,TRF4,Acórdão,AC - APELAÇÃO CIVEL,10/10/2023,SEBASTIÃO OGÊ MUNIZ,NONA TURMA,mantida,justiça federal,5.3,sentenciado,medicamento,,,,
50240193020234040000,TRF4,Acórdão,AG - AGRAVO DE INSTRUMENTO,10/10/2023,PAULO AFONSO BRUM VAZ,NONA TURMA,declinada,justiça estadual,5.2,,medicamento,,,,
50226543820234040000,TRF4,Acórdão,AG - AGRAVO DE INSTRUMENTO,10/10/2023,PAULO AFONSO BRUM VAZ,NONA TURMA,,,,,,não analisou,,,
50286407020234040000,TRF4,Acórdão,AG - AGRAVO DE INSTRUMENTO,10/10/2023,SEBASTIÃO OGÊ MUNIZ,NONA TURMA,mantida,justiça federal,5.2,proposta contra a União,medicamento,,,,
50324046420234040000,TRF4,DecisãoMonocrática,AG - AGRAVO DE INSTRUMENTO,09/10/2023,MÁRCIO ANTÔNIO ROCHA,DÉCIMA TURMA,,,,perda do objeto,,não analisou,,,
50038198020214047207,TRF4,DecisãoMonocrática,Apelação/Remessa Necessária,07/10/2023,JOÃO BATISTA PINTO SILVEIRA,VICE-PRESIDÊNCIA,,,,,,sobrestou,,,
50345438620234040000,TRF4,DecisãoMonocrática,AG - AGRAVO DE INSTRUMENTO,06/10/2023,RICARDO TEIXEIRA DO VALLE PEREIRA,SEXTA TURMA,declinada,justiça estadual,5.2,inclusão da União por emenda à inicial,medicamento,,,,
50347360420234040000,TRF4,DecisãoMonocrática,AG - AGRAVO DE INSTRUMENTO,06/10/2023,RICARDO TEIXEIRA DO VALLE PEREIRA,SEXTA TURMA,declinada,justiça estadual,5.2,inclusão da União por emenda à inicial,medicamento,,,,
50056776420214047105,TRF4,DecisãoMonocrática,Apelação/Remessa Necessária,06/10/2023,JOÃO BATISTA PINTO SILVEIRA,VICE-PRESIDÊNCIA,,,,,,sobrestou,,,
50089343420204047202,TRF4,DecisãoMonocrática,Apelação/Remessa Necessária,06/10/2023,JOÃO BATISTA PINTO SILVEIRA,VICE-PRESIDÊNCIA,,,,,,sobrestou,,,
50348989620234040000,TRF4,DecisãoMonocrática,AG - AGRAVO DE INSTRUMENTO,05/10/2023,OSNI CARDOSO FILHO,QUINTA TURMA,mantida,justiça estadual,5.2,grupo 1A,medicamento,,,,
50349032120234040000,TRF4,DecisãoMonocrática,AG - AGRAVO DE INSTRUMENTO,05/10/2023,ALEXANDRE GONÇALVES LIPPEL,QUINTA TURMA,declinada,justiça estadual,5.2,inclusão da União no polo passivo de ofício,medicamento,,TRUE,oncológico,sentença posterior inválida
50348443320234040000,TRF4,DecisãoMonocrática,AG - AGRAVO DE INSTRUMENTO,05/10/2023,SEBASTIÃO OGÊ MUNIZ,NONA TURMA,mantida,justiça federal,5.2,proposta contra a União,medicamento,,TRUE,oncológico,
50341939820234040000,TRF4,DecisãoMonocrática,AG - AGRAVO DE INSTRUMENTO,05/10/2023,RICARDO TEIXEIRA DO VALLE PEREIRA,SEXTA TURMA,mantida,justiça estadual,5.1,oncológico,medicamento,,TRUE,oncológico,
50340761020234040000,TRF4,DecisãoMonocrática,AG - AGRAVO DE INSTRUMENTO,05/10/2023,RICARDO TEIXEIRA DO VALLE PEREIRA,SEXTA TURMA,mantida,justiça estadual,5.1,oncológico,medicamento,,TRUE,oncológico,
50344026720234040000,TRF4,DecisãoMonocrática,AG - AGRAVO DE INSTRUMENTO,05/10/2023,RICARDO TEIXEIRA DO VALLE PEREIRA,SEXTA TURMA,mantida,justiça estadual,5.1,oncológico,medicamento,,TRUE,oncológico,
50277243620234040000,TRF4,DecisãoMonocrática,AG - AGRAVO DE INSTRUMENTO,05/10/2023,RICARDO TEIXEIRA DO VALLE PEREIRA,SEXTA TURMA,mantida,justiça estadual,5.1,oncológico,medicamento,,TRUE,oncológico,
50314086620234040000,TRF4,DecisãoMonocrática,AG - AGRAVO DE INSTRUMENTO,05/10/2023,RICARDO TEIXEIRA DO VALLE PEREIRA,SEXTA TURMA,mantida,justiça estadual,5.1,oncológico,medicamento,,TRUE,oncológico,
50348382620234040000,TRF4,DecisãoMonocrática,AG - AGRAVO DE INSTRUMENTO,04/10/2023,ALEXANDRE GONÇALVES LIPPEL,QUINTA TURMA,mantida,justiça estadual,5.1,grupo 1A,medicamento,,,,
50345420420234040000,TRF4,DecisãoMonocrática,AG - AGRAVO DE INSTRUMENTO,04/10/2023,SEBASTIÃO OGÊ MUNIZ,NONA TURMA,mantida,justiça federal,5.1,grupo 1A,medicamento,,,,
50336249720234040000,TRF4,DecisãoMonocrática,AG - AGRAVO DE INSTRUMENTO,04/10/2023,SEBASTIÃO OGÊ MUNIZ,NONA TURMA,mantida,justiça federal,5.2,proposta contra a União,medicamento,,TRUE,oncológico,
50018275920224047107,TRF4,DecisãoMonocrática,AC - APELAÇÃO CIVEL,04/10/2023,JOÃO BATISTA PINTO SILVEIRA,VICE-PRESIDÊNCIA,,,,,,sobrestou,,,
50478695020224040000,TRF4,DecisãoMonocrática,AG - AGRAVO DE INSTRUMENTO,04/10/2023,JOÃO BATISTA PINTO SILVEIRA,VICE-PRESIDÊNCIA,,,,,,sobrestou,,,
50018554920214047014,TRF4,DecisãoMonocrática,AC - APELAÇÃO CIVEL,04/10/2023,JOÃO BATISTA PINTO SILVEIRA,VICE-PRESIDÊNCIA,,,,,,sobrestou,,,
50403455120224047000,TRF4,DecisãoMonocrática,AC - APELAÇÃO CIVEL,04/10/2023,JOÃO BATISTA PINTO SILVEIRA,VICE-PRESIDÊNCIA,,,,,,sobrestou,,,
50031317520224047016,TRF4,Acórdão,AC - APELAÇÃO CIVEL,03/10/2023,CLÁUDIA CRISTINA CRISTOFANI,DÉCIMA TURMA,,,,,,não analisou,,,
50136003120224047001,TRF4,Acórdão,AC - APELAÇÃO CIVEL,03/10/2023,CLÁUDIA CRISTINA CRISTOFANI,DÉCIMA TURMA,mantida,justiça federal,5.2,proposta contra a União,medicamento,,,,
50223087020224047001,TRF4,Acórdão,AC - APELAÇÃO CIVEL,03/10/2023,CLÁUDIA CRISTINA CRISTOFANI,DÉCIMA TURMA,mantida,justiça federal,5.2,proposta contra a União,medicamento,,,,
50281115120234040000,TRF4,Acórdão,AG - AGRAVO DE INSTRUMENTO,03/10/2023,CLÁUDIA CRISTINA CRISTOFANI,DÉCIMA TURMA,declinada,justiça estadual,5.2,inclusão da União no polo passivo de ofício,medicamento,,TRUE,ONCOLÓGICO,
50344710220234040000,TRF4,DecisãoMonocrática,AG - AGRAVO DE INSTRUMENTO,03/10/2023,CELSO KIPPER,NONA TURMA,declinada,justiça estadual,5.2,inclusão da União no polo passivo de ofício,atendimento médico domiciliar,,,,
50023658320214047007,TRF4,Acórdão,AC - APELAÇÃO CIVEL,03/10/2023,MÁRCIO ANTÔNIO ROCHA,DÉCIMA TURMA,mantida,justiça estadual,5.3,sentenciado,medicamento,,,,
50216713920234040000,TRF4,Acórdão,AG - AGRAVO DE INSTRUMENTO,03/10/2023,LUIZ FERNANDO WOWK PENTEADO,DÉCIMA TURMA,declinada,justiça estadual,5.3,sentenciado,medicamento,,,,
50638463420224047000,TRF4,Acórdão,AC - APELAÇÃO CIVEL,03/10/2023,LUIZ FERNANDO WOWK PENTEADO,DÉCIMA TURMA,mantida,justiça estadual,5.1,repartição de competência,medicamento,,,,
50106948520234040000,TRF4,Acórdão,AG - AGRAVO DE INSTRUMENTO,03/10/2023,LUIZ FERNANDO WOWK PENTEADO,DÉCIMA TURMA,,,,perda do objeto,,não analisou,,,
50001746520224047028,TRF4,Acórdão,Apelação/Remessa Necessária,03/10/2023,LUIZ FERNANDO WOWK PENTEADO,DÉCIMA TURMA,declinada,justiça estadual,5.2,inclusão da União no polo passivo de ofício,medicamento,,,,
50255748220234040000,TRF4,Acórdão,AG - AGRAVO DE INSTRUMENTO,03/10/2023,LUIZ FERNANDO WOWK PENTEADO,DÉCIMA TURMA,declinada,justiça estadual,5.3,sentenciado,medicamento,,,,
50145962620224047002,TRF4,Acórdão,AC - APELAÇÃO CIVEL,03/10/2023,LUIZ FERNANDO WOWK PENTEADO,DÉCIMA TURMA,mantida,justiça estadual,5.3,sentenciado,medicamento,,TRUE,oncológico,
50094379620224047004,TRF4,Acórdão,AC - APELAÇÃO CIVEL,03/10/2023,LUIZ FERNANDO WOWK PENTEADO,DÉCIMA TURMA,,,,,,não analisou,,,
50344381220234040000,TRF4,DecisãoMonocrática,AG - AGRAVO DE INSTRUMENTO,02/10/2023,SEBASTIÃO OGÊ MUNIZ,NONA TURMA,declinada,justiça estadual,5.2,inclusão da União no polo passivo de ofício,medicamento,,,,
50340752520234040000,TRF4,DecisãoMonocrática,AG - AGRAVO DE INSTRUMENTO,01/10/2023,SEBASTIÃO OGÊ MUNIZ,NONA TURMA,mantida,justiça federal,5.1,repartição de competência,medicamento,,TRUE,oncológico,
50317005120234040000,TRF4,DecisãoMonocrática,AG - AGRAVO DE INSTRUMENTO,01/10/2023,MÁRCIO ANTÔNIO ROCHA,DÉCIMA TURMA,declinada,justiça estadual,5.2,,medicamento,,TRUE,ONCOLÓGICO,
50341003820234040000,TRF4,DecisãoMonocrática,AG - AGRAVO DE INSTRUMENTO,01/10/2023,SEBASTIÃO OGÊ MUNIZ,NONA TURMA,mantida,justiça federal,5.2,proposta contra a União,medicamento,,TRUE,oncológico,
50340268120234040000,TRF4,DecisãoMonocrática,AG - AGRAVO DE INSTRUMENTO,01/10/2023,SEBASTIÃO OGÊ MUNIZ,NONA TURMA,mantida,justiça federal,5.2,proposta contra a União,medicamento,,,,
50342372020234040000,TRF4,DecisãoMonocrática,AG - AGRAVO DE INSTRUMENTO,29/09/2023,CELSO KIPPER,NONA TURMA,mantida,justiça estadual,5.2,inclusão da União por emenda à inicial,medicamento,,TRUE,oncológico,livre e espontânea
50298895620234040000,TRF4,DecisãoMonocrática,AG - AGRAVO DE INSTRUMENTO,29/09/2023,CELSO KIPPER,NONA TURMA,mantida,justiça estadual,5.1,repartição de competência,medicamento,,TRUE,oncológico,
50281869020234040000,TRF4,DecisãoMonocrática,AG - AGRAVO DE INSTRUMENTO,29/09/2023,CELSO KIPPER,NONA TURMA,declinada,justiça estadual,5.2,inclusão da União no polo passivo de ofício,medicamento,,TRUE,ONCOLÓGICO,
50305157520234040000,TRF4,DecisãoMonocrática,AG - AGRAVO DE INSTRUMENTO,29/09/2023,TAÍS SCHILLING FERRAZ,SEXTA TURMA,,,,,,não analisou,TRUE,oncológico,
50331997020234040000,TRF4,DecisãoMonocrática,AG - AGRAVO DE INSTRUMENTO,29/09/2023,TAÍS SCHILLING FERRAZ,SEXTA TURMA,mantida,,5.1,compete à União o ressarcimento administrativo,medicamento,,,,
50340787720234040000,TRF4,DecisãoMonocrática,AG - AGRAVO DE INSTRUMENTO,29/09/2023,ALEXANDRE GONÇALVES LIPPEL,QUINTA TURMA,mantida,justiça estadual,5.1,repartição de competência,medicamento,,TRUE,oncológico,
50341315820234040000,TRF4,DecisãoMonocrática,AG - AGRAVO DE INSTRUMENTO,29/09/2023,ADRIANE BATTISTI,SEXTA TURMA,declinada,justiça estadual,5.2,inclusão da União no polo passivo de ofício,medicamento,,TRUE,ONCOLÓGICO,
50281357920234040000,TRF4,DecisãoMonocrática,AG - AGRAVO DE INSTRUMENTO,28/09/2023,RICARDO TEIXEIRA DO VALLE PEREIRA,SEXTA TURMA,declinada,justiça federal,5.1,repartição de competência,procedimento não padronizado,,,"d+, a questão não é de custeio!",
50339860220234040000,TRF4,DecisãoMonocrática,AG - AGRAVO DE INSTRUMENTO,28/09/2023,SEBASTIÃO OGÊ MUNIZ,NONA TURMA,mantida,justiça federal,5.2,proposta contra a União,medicamento,,,,
50338613420234040000,TRF4,DecisãoMonocrática,AG - AGRAVO DE INSTRUMENTO,28/09/2023,ALTAIR ANTONIO GREGÓRIO,SEXTA TURMA,mantida,justiça estadual,5.1,grupo 1A,medicamento,,TRUE,oncológico,
50338458020234040000,TRF4,DecisãoMonocrática,AG - AGRAVO DE INSTRUMENTO,28/09/2023,ALTAIR ANTONIO GREGÓRIO,SEXTA TURMA,mantida,justiça estadual,5.1,repartição de competência,medicamento,,TRUE,oncológico,
50471402420224040000,TRF4,DecisãoMonocrática,AG - AGRAVO DE INSTRUMENTO,28/09/2023,ALTAIR ANTONIO GREGÓRIO,SEXTA TURMA,,,,perda do objeto,,não analisou,,,
50330394520234040000,TRF4,DecisãoMonocrática,AG - AGRAVO DE INSTRUMENTO,28/09/2023,LUIZ FERNANDO WOWK PENTEADO,DÉCIMA TURMA,mantida,,5.1,repartição de competência,medicamento,,,,
50203722720234040000,TRF4,DecisãoMonocrática,AG - AGRAVO DE INSTRUMENTO,27/09/2023,ADRIANE BATTISTI,SEXTA TURMA,mantida,justiça estadual,5.1,compete à União o ressarcimento administrativo,atendimento médico domiciliar,,,,
50269856320234040000,TRF4,DecisãoMonocrática,AG - AGRAVO DE INSTRUMENTO,27/09/2023,ADRIANE BATTISTI,SEXTA TURMA,,,conflito de competência,decisão do STJ,,não analisou,,,
50336742620234040000,TRF4,DecisãoMonocrática,AG - AGRAVO DE INSTRUMENTO,27/09/2023,ALTAIR ANTONIO GREGÓRIO,SEXTA TURMA,mantida,justiça estadual,5.1,oncológico,medicamento,,TRUE,oncológico,
50277174420234040000,TRF4,DecisãoMonocrática,AG - AGRAVO DE INSTRUMENTO,27/09/2023,TAÍS SCHILLING FERRAZ,SEXTA TURMA,mantida,,5.1,oncológico,medicamento,,,,
50307755520234040000,TRF4,DecisãoMonocrática,AG - AGRAVO DE INSTRUMENTO,27/09/2023,TAÍS SCHILLING FERRAZ,SEXTA TURMA,mantida,,5.1,compete à União o ressarcimento administrativo,procedimento de alta complexidade hospitalar,,,,
50337322920234040000,TRF4,DecisãoMonocrática,AG - AGRAVO DE INSTRUMENTO,27/09/2023,SEBASTIÃO OGÊ MUNIZ,NONA TURMA,mantida,justiça federal,5.2,proposta contra a União,medicamento,,TRUE,oncológico,
50336430620234040000,TRF4,DecisãoMonocrática,AG - AGRAVO DE INSTRUMENTO,27/09/2023,SEBASTIÃO OGÊ MUNIZ,NONA TURMA,declinada,justiça estadual,5.2,inclusão da União por emenda à inicial,medicamento,,TRUE,ONCOLÓGICO,
50458411220224040000,TRF4,DecisãoMonocrática,AG - AGRAVO DE INSTRUMENTO,26/09/2023,JOÃO BATISTA PINTO SILVEIRA,VICE-PRESIDÊNCIA,,,,,,sobrestou,,,
50124709720224047003,TRF4,DecisãoMonocrática,Apelação/Remessa Necessária,26/09/2023,JOÃO BATISTA PINTO SILVEIRA,VICE-PRESIDÊNCIA,,,,,,sobrestou,,,
50333884820234040000,TRF4,DecisãoMonocrática,AG - AGRAVO DE INSTRUMENTO,26/09/2023,RICARDO TEIXEIRA DO VALLE PEREIRA,SEXTA TURMA,,,,,,não analisou,,,
50322565320234040000,TRF4,DecisãoMonocrática,AG - AGRAVO DE INSTRUMENTO,26/09/2023,RICARDO TEIXEIRA DO VALLE PEREIRA,SEXTA TURMA,,,,,,não analisou,,,
50240322920234040000,TRF4,DecisãoMonocrática,AG - AGRAVO DE INSTRUMENTO,26/09/2023,ADRIANE BATTISTI,SEXTA TURMA,,,,perda do objeto,,não analisou,,,
50335158320234040000,TRF4,DecisãoMonocrática,AG - AGRAVO DE INSTRUMENTO,26/09/2023,ALTAIR ANTONIO GREGÓRIO,SEXTA TURMA,declinada,justiça estadual,5.2,inclusão da União no polo passivo de ofício,medicamento,,TRUE,ONCOLÓGICO,
50335651220234040000,TRF4,DecisãoMonocrática,AG - AGRAVO DE INSTRUMENTO,26/09/2023,SEBASTIÃO OGÊ MUNIZ,NONA TURMA,mantida,justiça federal,5.2,proposta contra a União,medicamento,,,,
50335123120234040000,TRF4,DecisãoMonocrática,AG - AGRAVO DE INSTRUMENTO,26/09/2023,SEBASTIÃO OGÊ MUNIZ,NONA TURMA,mantida,justiça federal,5.2,proposta contra a União,medicamento,,TRUE,oncológico,
50334915520234040000,TRF4,DecisãoMonocrática,AG - AGRAVO DE INSTRUMENTO,26/09/2023,SEBASTIÃO OGÊ MUNIZ,NONA TURMA,mantida,justiça federal,5.1,repartição de competência,medicamento,,TRUE,oncológico,
50306542720234040000,TRF4,DecisãoMonocrática,AG - AGRAVO DE INSTRUMENTO,25/09/2023,TAÍS SCHILLING FERRAZ,SEXTA TURMA,mantida,justiça estadual,5.1,oncológico,medicamento,,TRUE,oncológico,
50306031620234040000,TRF4,DecisãoMonocrática,AG - AGRAVO DE INSTRUMENTO,25/09/2023,TAÍS SCHILLING FERRAZ,SEXTA TURMA,mantida,justiça estadual,5.1,oncológico,medicamento,,TRUE,oncológico,
50305824020234040000,TRF4,DecisãoMonocrática,AG - AGRAVO DE INSTRUMENTO,25/09/2023,TAÍS SCHILLING FERRAZ,SEXTA TURMA,mantida,justiça estadual,5.1,oncológico,medicamento,,TRUE,oncológico,
50305434320234040000,TRF4,DecisãoMonocrática,AG - AGRAVO DE INSTRUMENTO,25/09/2023,TAÍS SCHILLING FERRAZ,SEXTA TURMA,mantida,justiça estadual,5.1,oncológico,medicamento,,TRUE,oncológico,
50323925020234040000,TRF4,DecisãoMonocrática,AG - AGRAVO DE INSTRUMENTO,25/09/2023,TAÍS SCHILLING FERRAZ,SEXTA TURMA,mantida,justiça estadual,5.1,oncológico,medicamento,,TRUE,oncológico,
50328592920234040000,TRF4,DecisãoMonocrática,AG - AGRAVO DE INSTRUMENTO,25/09/2023,TAÍS SCHILLING FERRAZ,SEXTA TURMA,mantida,justiça estadual,5.1,grupo 1B,medicamento,,,,
50324704420234040000,TRF4,DecisãoMonocrática,AG - AGRAVO DE INSTRUMENTO,25/09/2023,TAÍS SCHILLING FERRAZ,SEXTA TURMA,mantida,justiça estadual,5.1,oncológico,medicamento,,TRUE,oncológico,
50333962520234040000,TRF4,DecisãoMonocrática,AG - AGRAVO DE INSTRUMENTO,25/09/2023,SEBASTIÃO OGÊ MUNIZ,NONA TURMA,mantida,justiça federal,5.2,proposta contra a União,medicamento,,,,
50331745720234040000,TRF4,DecisãoMonocrática,AG - AGRAVO DE INSTRUMENTO,25/09/2023,SEBASTIÃO OGÊ MUNIZ,NONA TURMA,mantida,justiça federal,5.2,proposta contra a União,medicamento,,,,
50330792720234040000,TRF4,DecisãoMonocrática,AG - AGRAVO DE INSTRUMENTO,25/09/2023,SEBASTIÃO OGÊ MUNIZ,NONA TURMA,mantida,justiça federal,5.2,proposta contra a União,medicamento,,,,
50028537020234047200,TRF4,DecisãoMonocrática,AC - APELAÇÃO CIVEL,25/09/2023,SEBASTIÃO OGÊ MUNIZ,NONA TURMA,mantida,justiça federal,5.2,proposta contra a União,medicamento,,,sentença posterior a 17/04/2023 inaplicável item 5.3,
50333503620234040000,TRF4,DecisãoMonocrática,AG - AGRAVO DE INSTRUMENTO,25/09/2023,ADRIANE BATTISTI,SEXTA TURMA,mantida,justiça estadual,5.1,compete à União o ressarcimento administrativo,atendimento médico domiciliar,,,,
50267803420234040000,TRF4,DecisãoMonocrática,AG - AGRAVO DE INSTRUMENTO,25/09/2023,PAULO AFONSO BRUM VAZ,NONA TURMA,declinada,justiça estadual,5.2,,medicamento,,,,
50324842820234040000,TRF4,DecisãoMonocrática,AG - AGRAVO DE INSTRUMENTO,22/09/2023,PAULO AFONSO BRUM VAZ,NONA TURMA,mantida,justiça estadual,5.2,proposta contra a União,medicamento,,,,
50327779520234040000,TRF4,DecisãoMonocrática,AG - AGRAVO DE INSTRUMENTO,22/09/2023,ALEXANDRE GONÇALVES LIPPEL,QUINTA TURMA,declinada,justiça estadual,5.2,inclusão da União no polo passivo de ofício,medicamento,,TRUE,ONCOLÓGICO,
50329250920234040000,TRF4,DecisãoMonocrática,AG - AGRAVO DE INSTRUMENTO,22/09/2023,SEBASTIÃO OGÊ MUNIZ,NONA TURMA,mantida,justiça federal,5.2,proposta contra a União,medicamento,,TRUE,oncológico,
50299337520234040000,TRF4,DecisãoMonocrática,AG - AGRAVO DE INSTRUMENTO,21/09/2023,TAÍS SCHILLING FERRAZ,SEXTA TURMA,mantida,,5.1,oncológico,medicamento,,TRUE,oncológico,
50328965620234040000,TRF4,DecisãoMonocrática,AG - AGRAVO DE INSTRUMENTO,21/09/2023,ALTAIR ANTONIO GREGÓRIO,SEXTA TURMA,mantida,justiça estadual,5.1,compete à União o ressarcimento administrativo,procedimento não padronizado,,,,
50329269120234040000,TRF4,DecisãoMonocrática,AG - AGRAVO DE INSTRUMENTO,21/09/2023,ALEXANDRE GONÇALVES LIPPEL,QUINTA TURMA,mantida,justiça estadual,5.1,repartição de competência,medicamento,,,,
50328246920234040000,TRF4,DecisãoMonocrática,AG - AGRAVO DE INSTRUMENTO,21/09/2023,ADRIANE BATTISTI,SEXTA TURMA,declinada,justiça estadual,5.2,inclusão da União no polo passivo de ofício,medicamento,,TRUE,ONCOLÓGICO,
50328316120234040000,TRF4,DecisãoMonocrática,AG - AGRAVO DE INSTRUMENTO,21/09/2023,ADRIANE BATTISTI,SEXTA TURMA,declinada,justiça estadual,5.2,inclusão da União no polo passivo de ofício,medicamento,,,,
50328280920234040000,TRF4,DecisãoMonocrática,AG - AGRAVO DE INSTRUMENTO,21/09/2023,SEBASTIÃO OGÊ MUNIZ,NONA TURMA,mantida,justiça federal,5.2,proposta contra a União,medicamento,,TRUE,oncológico,
50325389120234040000,TRF4,DecisãoMonocrática,AG - AGRAVO DE INSTRUMENTO,20/09/2023,ADRIANE BATTISTI,SEXTA TURMA,mantida,justiça estadual,5.1,repartição de competência,medicamento,,TRUE,oncológico,
50090860620204047001,TRF4,DecisãoMonocrática,Apelação/Remessa Necessária,20/09/2023,JOÃO BATISTA PINTO SILVEIRA,VICE-PRESIDÊNCIA,,,,,,sobrestou,,,
50326722120234040000,TRF4,DecisãoMonocrática,AG - AGRAVO DE INSTRUMENTO,20/09/2023,SEBASTIÃO OGÊ MUNIZ,NONA TURMA,mantida,justiça federal,5.2,proposta contra a União,medicamento,,TRUE,oncológico,
50249451120234040000,TRF4,DecisãoMonocrática,AG - AGRAVO DE INSTRUMENTO,20/09/2023,PAULO AFONSO BRUM VAZ,NONA TURMA,,,,embargos de declaração,,não analisou,,,
50233532920234040000,TRF4,Acórdão,AG - AGRAVO DE INSTRUMENTO,19/09/2023,SEBASTIÃO OGÊ MUNIZ,NONA TURMA,mantida,justiça federal,5.2,proposta contra a União,medicamento,,TRUE,oncológico,
50225669720234040000,TRF4,Acórdão,AG - AGRAVO DE INSTRUMENTO,19/09/2023,SEBASTIÃO OGÊ MUNIZ,NONA TURMA,mantida,justiça federal,5.2,proposta contra a União,medicamento,,TRUE,oncológico,
50099722820224047003,TRF4,Acórdão,AC - APELAÇÃO CIVEL,19/09/2023,EDUARDO VANDRÉ OLIVEIRA LEMA GARCIA,SEGUNDA TURMA,,,,,,matéria diversa,,,
50195122620234040000,TRF4,Acórdão,AG - AGRAVO DE INSTRUMENTO,19/09/2023,HERMES SIEDLER DA CONCEIÇÃO JÚNIOR,QUINTA TURMA,mantida,justiça estadual,5.2,inclusão da União por emenda à inicial,procedimento não padronizado,,,,
50201020320234040000,TRF4,Acórdão,AG - AGRAVO DE INSTRUMENTO,19/09/2023,HERMES SIEDLER DA CONCEIÇÃO JÚNIOR,QUINTA TURMA,mantida,justiça estadual,5.2,inclusão da União por emenda à inicial,,,,,
50218220520234040000,TRF4,Acórdão,AG - AGRAVO DE INSTRUMENTO,19/09/2023,HERMES SIEDLER DA CONCEIÇÃO JÚNIOR,QUINTA TURMA,declinada,justiça estadual,5.2,inclusão da União por emenda à inicial,medicamento,,,,
50052913820234040000,TRF4,Acórdão,AG - AGRAVO DE INSTRUMENTO,19/09/2023,HERMES SIEDLER DA CONCEIÇÃO JÚNIOR,QUINTA TURMA,declinada,justiça estadual,5.2,inclusão da União por emenda à inicial,medicamento,,TRUE,ONCOLÓGICO,
50640336720214047100,TRF4,Acórdão,AC - APELAÇÃO CIVEL,19/09/2023,ADRIANE BATTISTI,SEXTA TURMA,mantida,justiça estadual,5.3,sentenciado,medicamento,,,,
50359272120224040000,TRF4,Acórdão,AG - AGRAVO DE INSTRUMENTO,19/09/2023,ADRIANE BATTISTI,SEXTA TURMA,declinada,justiça estadual,5.2,inclusão da União por emenda à inicial,medicamento,,TRUE,,
50141028420234040000,TRF4,Acórdão,AG - AGRAVO DE INSTRUMENTO,19/09/2023,ADRIANE BATTISTI,SEXTA TURMA,declinada,justiça estadual,5.2,inclusão da União no polo passivo de ofício,medicamento,,TRUE,,
50216497820234040000,TRF4,Acórdão,AG - AGRAVO DE INSTRUMENTO,19/09/2023,ADRIANE BATTISTI,SEXTA TURMA,declinada,justiça estadual,5.2,inclusão da União por emenda à inicial,medicamento,,,,
50216774620234040000,TRF4,Acórdão,AG - AGRAVO DE INSTRUMENTO,19/09/2023,ADRIANE BATTISTI,SEXTA TURMA,declinada,justiça estadual,5.2,inclusão da União por emenda à inicial,medicamento,,,,
50228077120234040000,TRF4,Acórdão,AG - AGRAVO DE INSTRUMENTO,19/09/2023,ADRIANE BATTISTI,SEXTA TURMA,declinada,justiça estadual,5.2,inclusão da União no polo passivo de ofício,procedimento não padronizado,,,,
50033566020234040000,TRF4,Acórdão,AG - AGRAVO DE INSTRUMENTO,19/09/2023,ADRIANE BATTISTI,SEXTA TURMA,declinada,justiça estadual,5.2,inclusão da União por emenda à inicial,medicamento,,TRUE,,
50265768720234040000,TRF4,Acórdão,AG - AGRAVO DE INSTRUMENTO,19/09/2023,ADRIANE BATTISTI,SEXTA TURMA,declinada,justiça estadual,5.2,inclusão da União no polo passivo de ofício,medicamento,,TRUE,,
50243536420234040000,TRF4,Acórdão,AG - AGRAVO DE INSTRUMENTO,19/09/2023,ADRIANE BATTISTI,SEXTA TURMA,declinada,justiça estadual,5.2,inclusão da União por emenda à inicial,medicamento,,TRUE,,
50096243320234040000,TRF4,Acórdão,AG - AGRAVO DE INSTRUMENTO,19/09/2023,ADRIANE BATTISTI,SEXTA TURMA,declinada,justiça estadual,5.2,inclusão da União por emenda à inicial,medicamento,,,,
50263759520234040000,TRF4,Acórdão,AG - AGRAVO DE INSTRUMENTO,19/09/2023,ADRIANE BATTISTI,SEXTA TURMA,declinada,justiça estadual,5.2,inclusão da União no polo passivo de ofício,medicamento,,,,
50240557220234040000,TRF4,Acórdão,AG - AGRAVO DE INSTRUMENTO,19/09/2023,ADRIANE BATTISTI,SEXTA TURMA,declinada,justiça estadual,5.2,inclusão da União no polo passivo de ofício,medicamento,,,,
50219320420234040000,TRF4,Acórdão,AG - AGRAVO DE INSTRUMENTO,19/09/2023,ADRIANE BATTISTI,SEXTA TURMA,declinada,justiça estadual,5.2,inclusão da União por emenda à inicial,medicamento,,,,
50239153820234040000,TRF4,Acórdão,AG - AGRAVO DE INSTRUMENTO,19/09/2023,ADRIANE BATTISTI,SEXTA TURMA,declinada,justiça estadual,5.2,inclusão da União no polo passivo de ofício,medicamento,,,,
50277000820234040000,TRF4,Acórdão,AG - AGRAVO DE INSTRUMENTO,19/09/2023,ADRIANE BATTISTI,SEXTA TURMA,declinada,justiça estadual,5.2,inclusão da União no polo passivo de ofício,medicamento,,TRUE,,
50275546420234040000,TRF4,Acórdão,AG - AGRAVO DE INSTRUMENTO,19/09/2023,ADRIANE BATTISTI,SEXTA TURMA,declinada,justiça estadual,5.2,inclusão da União no polo passivo de ofício,medicamento,,,,
50479560620224040000,TRF4,Acórdão,AG - AGRAVO DE INSTRUMENTO,19/09/2023,HERMES SIEDLER DA CONCEIÇÃO JÚNIOR,QUINTA TURMA,declinada,justiça estadual,5.2,inclusão da União no polo passivo de ofício,medicamento,,TRUE,ONCOLÓGICO,
50383790420224040000,TRF4,Acórdão,AG - AGRAVO DE INSTRUMENTO,19/09/2023,HERMES SIEDLER DA CONCEIÇÃO JÚNIOR,QUINTA TURMA,declinada,justiça estadual,5.2,inclusão da União no polo passivo de ofício,medicamento,,TRUE,ONCOLÓGICO,
50470813620224040000,TRF4,Acórdão,AG - AGRAVO DE INSTRUMENTO,19/09/2023,HERMES SIEDLER DA CONCEIÇÃO JÚNIOR,QUINTA TURMA,declinada,justiça estadual,5.2,inclusão da União no polo passivo de ofício,medicamento,,TRUE,ONCOLÓGICO,
50143132320234040000,TRF4,Acórdão,AG - AGRAVO DE INSTRUMENTO,19/09/2023,HERMES SIEDLER DA CONCEIÇÃO JÚNIOR,QUINTA TURMA,declinada,justiça estadual,5.2,inclusão da União no polo passivo de ofício,procedimento não padronizado,,,livre e espontânea,
50109269720234040000,TRF4,Acórdão,AG - AGRAVO DE INSTRUMENTO,19/09/2023,HERMES SIEDLER DA CONCEIÇÃO JÚNIOR,QUINTA TURMA,mantida,justiça estadual,5.2,inclusão da União por emenda à inicial,insumo,,,,
50166130720234047000,TRF4,Acórdão,AC - APELAÇÃO CIVEL,19/09/2023,LUIZ FERNANDO WOWK PENTEADO,DÉCIMA TURMA,mantida,justiça federal,5.2,proposta contra a União,medicamento,,,,
50170239020224047003,TRF4,Acórdão,Apelação/Remessa Necessária,19/09/2023,LUIZ FERNANDO WOWK PENTEADO,DÉCIMA TURMA,mantida,justiça federal,5.2,proposta contra a União,medicamento,,,,
50086454820224047003,TRF4,Acórdão,AC - APELAÇÃO CIVEL,19/09/2023,LUIZ FERNANDO WOWK PENTEADO,DÉCIMA TURMA,mantida,justiça federal,5.2,proposta contra a União,medicamento,,TRUE,,
50513377120224047000,TRF4,Acórdão,AC - APELAÇÃO CIVEL,19/09/2023,CLÁUDIA CRISTINA CRISTOFANI,DÉCIMA TURMA,mantida,justiça estadual,5.3,sentenciado,insumo,,,,
50212877620234040000,TRF4,Acórdão,AG - AGRAVO DE INSTRUMENTO,19/09/2023,CLÁUDIA CRISTINA CRISTOFANI,DÉCIMA TURMA,declinada,justiça estadual,5.2,,medicamento,,,,
50216125120234040000,TRF4,Acórdão,AG - AGRAVO DE INSTRUMENTO,19/09/2023,ALEXANDRE GONÇALVES LIPPEL,QUINTA TURMA,declinada,justiça estadual,5.2,inclusão da União no polo passivo de ofício,medicamento,,,,
50225062720234040000,TRF4,Acórdão,AG - AGRAVO DE INSTRUMENTO,19/09/2023,ALEXANDRE GONÇALVES LIPPEL,QUINTA TURMA,declinada,justiça estadual,,inclusão da União no polo passivo de ofício,medicamento,,,,
50255306320234040000,TRF4,Acórdão,AG - AGRAVO DE INSTRUMENTO,19/09/2023,ALEXANDRE GONÇALVES LIPPEL,QUINTA TURMA,declinada,justiça estadual,5.2,inclusão da União por emenda à inicial,medicamento,,TRUE,ONCOLÓGICO,
50267223120234040000,TRF4,Acórdão,AG - AGRAVO DE INSTRUMENTO,19/09/2023,ALEXANDRE GONÇALVES LIPPEL,QUINTA TURMA,declinada,justiça estadual,5.2,inclusão da União por emenda à inicial,medicamento,,,,
50215467120234040000,TRF4,Acórdão,AG - AGRAVO DE INSTRUMENTO,19/09/2023,ALEXANDRE GONÇALVES LIPPEL,QUINTA TURMA,declinada,justiça estadual,5.2,inclusão da União no polo passivo de ofício,medicamento,,,,
50197686620234040000,TRF4,Acórdão,AG - AGRAVO DE INSTRUMENTO,19/09/2023,ALEXANDRE GONÇALVES LIPPEL,QUINTA TURMA,declinada,justiça estadual,5.2,inclusão da União no polo passivo de ofício,medicamento,,TRUE,ONCOLÓGICO,
50327744320234040000,TRF4,DecisãoMonocrática,AG - AGRAVO DE INSTRUMENTO,19/09/2023,ALTAIR ANTONIO GREGÓRIO,SEXTA TURMA,mantida,justiça estadual,5.1,repartição de competência,medicamento,,TRUE,oncológico,
50323258520234040000,TRF4,DecisãoMonocrática,AG - AGRAVO DE INSTRUMENTO,19/09/2023,ALEXANDRE GONÇALVES LIPPEL,QUINTA TURMA,mantida,justiça estadual,5.1,repartição de competência,medicamento,,TRUE,oncológico,
50307607220224047000,TRF4,DecisãoMonocrática,AC - APELAÇÃO CIVEL,19/09/2023,JOÃO BATISTA PINTO SILVEIRA,VICE-PRESIDÊNCIA,,,,,,sobrestou,,,
50004563020224047117,TRF4,DecisãoMonocrática,Apelação/Remessa Necessária,19/09/2023,JOÃO BATISTA PINTO SILVEIRA,VICE-PRESIDÊNCIA,,,,,,sobrestou,,,
50055456820214047117,TRF4,DecisãoMonocrática,Apelação/Remessa Necessária,19/09/2023,JOÃO BATISTA PINTO SILVEIRA,VICE-PRESIDÊNCIA,,,,,,sobrestou,,,
50067463820234040000,TRF4,DecisãoMonocrática,AG - AGRAVO DE INSTRUMENTO,19/09/2023,JOÃO BATISTA PINTO SILVEIRA,VICE-PRESIDÊNCIA,,,,,,sobrestou,,,
50256225820214047001,TRF4,Acórdão,Apelação/Remessa Necessária,19/09/2023,MÁRCIO ANTÔNIO ROCHA,DÉCIMA TURMA,mantida,justiça estadual,5.3,sentenciado,medicamento,,TRUE,,
50211188920234040000,TRF4,Acórdão,AG - AGRAVO DE INSTRUMENTO,19/09/2023,MÁRCIO ANTÔNIO ROCHA,DÉCIMA TURMA,declinada,justiça estadual,5.2,,medicamento,,TRUE,ONCOLÓGICO,
50159536120234040000,TRF4,Acórdão,AG - AGRAVO DE INSTRUMENTO,19/09/2023,MÁRCIO ANTÔNIO ROCHA,DÉCIMA TURMA,declinada,justiça estadual,5.3,sentenciado,insumo,,,,
50414086220224040000,TRF4,Acórdão,AG - AGRAVO DE INSTRUMENTO,19/09/2023,MÁRCIO ANTÔNIO ROCHA,DÉCIMA TURMA,,,decisão recorrida anterior ao Tema 1234,,,situação anterior,,,
50034611420224047100,TRF4,Acórdão,AC - APELAÇÃO CIVEL,19/09/2023,ADRIANE BATTISTI,SEXTA TURMA,mantida,justiça estadual,5.3,sentenciado,medicamento,,TRUE,,
50011349620224047100,TRF4,Acórdão,AC - APELAÇÃO CIVEL,19/09/2023,ADRIANE BATTISTI,SEXTA TURMA,mantida,justiça estadual,5.3,sentenciado,medicamento,,TRUE,,
50221572420234040000,TRF4,Acórdão,AG - AGRAVO DE INSTRUMENTO,19/09/2023,ADRIANE BATTISTI,SEXTA TURMA,mantida,justiça estadual,5.1,grupo 1B,medicamento,,,,
50060619420214047115,TRF4,Acórdão,AC - APELAÇÃO CIVEL,19/09/2023,ADRIANE BATTISTI,SEXTA TURMA,mantida,justiça federal,5.3,sentenciado,medicamento,,,,
50206285420214047108,TRF4,Acórdão,Apelação/Remessa Necessária,19/09/2023,ADRIANE BATTISTI,SEXTA TURMA,mantida,justiça federal,5.3,sentenciado,medicamento,,TRUE,,
50208936920234040000,TRF4,Acórdão,AG - AGRAVO DE INSTRUMENTO,19/09/2023,ADRIANE BATTISTI,SEXTA TURMA,mantida,justiça estadual,5.1,repartição de competência,medicamento,,TRUE,oncológico,
50265205420234040000,TRF4,Acórdão,AG - AGRAVO DE INSTRUMENTO,19/09/2023,ADRIANE BATTISTI,SEXTA TURMA,mantida,justiça estadual,5.1,repartição de competência,medicamento,,TRUE,oncológico,
50077163820234040000,TRF4,Acórdão,AG - AGRAVO DE INSTRUMENTO,19/09/2023,CELSO KIPPER,NONA TURMA,mantida,justiça estadual,5.1,repartição de competência,medicamento,,TRUE,oncológico,
50052195120234040000,TRF4,Acórdão,AG - AGRAVO DE INSTRUMENTO,19/09/2023,CELSO KIPPER,NONA TURMA,mantida,justiça estadual,5.1,repartição de competência,medicamento,,TRUE,oncológico,
50497047320224040000,TRF4,Acórdão,AG - AGRAVO DE INSTRUMENTO,19/09/2023,CELSO KIPPER,NONA TURMA,declinada,justiça estadual,5.2,inclusão da União no polo passivo de ofício,medicamento,,,analisável a qq tempo,
50222906620234040000,TRF4,Acórdão,AG - AGRAVO DE INSTRUMENTO,19/09/2023,CELSO KIPPER,NONA TURMA,declinada,justiça estadual,5.2,inclusão da União no polo passivo de ofício,medicamento,,,,
50027919620234040000,TRF4,Acórdão,AG - AGRAVO DE INSTRUMENTO,19/09/2023,CELSO KIPPER,NONA TURMA,declinada,justiça estadual,5.2,inclusão da União no polo passivo de ofício,medicamento,,,,
50032327720234040000,TRF4,Acórdão,AG - AGRAVO DE INSTRUMENTO,19/09/2023,CELSO KIPPER,NONA TURMA,declinada,justiça estadual,5.2,inclusão da União no polo passivo de ofício,insumo,,,,
50493513320224040000,TRF4,Acórdão,AG - AGRAVO DE INSTRUMENTO,19/09/2023,CELSO KIPPER,NONA TURMA,declinada,justiça estadual,5.2,inclusão da União no polo passivo de ofício,medicamento,,TRUE,ONCOLÓGICO,
50187651320224040000,TRF4,Acórdão,AG - AGRAVO DE INSTRUMENTO,19/09/2023,CELSO KIPPER,NONA TURMA,declinada,justiça estadual,5.2,inclusão da União no polo passivo de ofício,medicamento,,,E ainda anulou a sentença posterior,
50492416820214040000,TRF4,Acórdão,AG - AGRAVO DE INSTRUMENTO,19/09/2023,CELSO KIPPER,NONA TURMA,mantida,justiça estadual,5.3,sentenciado,medicamento,,,,
50124408520234040000,TRF4,Acórdão,AG - AGRAVO DE INSTRUMENTO,19/09/2023,HERMES SIEDLER DA CONCEIÇÃO JÚNIOR,QUINTA TURMA,mantida,justiça estadual,5.1,compete à União o ressarcimento administrativo,atendimento médico domiciliar,,,,
50000795620224047118,TRF4,Acórdão,AC - APELAÇÃO CIVEL,19/09/2023,HERMES SIEDLER DA CONCEIÇÃO JÚNIOR,QUINTA TURMA,mantida,justiça estadual,5.2,inclusão da União por emenda à inicial,medicamento,,,,
50211317820214047107,TRF4,Acórdão,AC - APELAÇÃO CIVEL,19/09/2023,HERMES SIEDLER DA CONCEIÇÃO JÚNIOR,QUINTA TURMA,mantida,justiça estadual,5.2,inclusão da União por emenda à inicial,medicamento,,TRUE,,
50231466420224040000,TRF4,Acórdão,AG - AGRAVO DE INSTRUMENTO,19/09/2023,HERMES SIEDLER DA CONCEIÇÃO JÚNIOR,QUINTA TURMA,mantida,justiça estadual,5.2,inclusão da União por emenda à inicial,medicamento,,TRUE,,
50484498020224040000,TRF4,Acórdão,AG - AGRAVO DE INSTRUMENTO,19/09/2023,HERMES SIEDLER DA CONCEIÇÃO JÚNIOR,QUINTA TURMA,mantida,justiça estadual,5.2,inclusão da União por emenda à inicial,,,,,
50189865920234040000,TRF4,Acórdão,AG - AGRAVO DE INSTRUMENTO,19/09/2023,HERMES SIEDLER DA CONCEIÇÃO JÚNIOR,QUINTA TURMA,mantida,justiça estadual,5.2,inclusão da União por emenda à inicial,medicamento,,TRUE,,
50190559120234040000,TRF4,Acórdão,AG - AGRAVO DE INSTRUMENTO,19/09/2023,HERMES SIEDLER DA CONCEIÇÃO JÚNIOR,QUINTA TURMA,mantida,justiça estadual,5.2,inclusão da União por emenda à inicial,medicamento,,,,
50188133520234040000,TRF4,Acórdão,AG - AGRAVO DE INSTRUMENTO,19/09/2023,HERMES SIEDLER DA CONCEIÇÃO JÚNIOR,QUINTA TURMA,declinada,justiça estadual,5.2,inclusão da União no polo passivo de ofício,medicamento,,TRUE,,
50185604720234040000,TRF4,Acórdão,AG - AGRAVO DE INSTRUMENTO,19/09/2023,HERMES SIEDLER DA CONCEIÇÃO JÚNIOR,QUINTA TURMA,declinada,justiça estadual,5.2,inclusão da União no polo passivo de ofício,procedimento não padronizado,,,,
50116284320234040000,TRF4,Acórdão,AG - AGRAVO DE INSTRUMENTO,19/09/2023,HERMES SIEDLER DA CONCEIÇÃO JÚNIOR,QUINTA TURMA,mantida,justiça estadual,5.2,inclusão da União por emenda à inicial,medicamento,,TRUE,,
50241839220234040000,TRF4,Acórdão,AG - AGRAVO DE INSTRUMENTO,19/09/2023,ALEXANDRE GONÇALVES LIPPEL,QUINTA TURMA,mantida,justiça estadual,5.1,grupo 1B,medicamento,,,,
50245155920234040000,TRF4,Acórdão,AG - AGRAVO DE INSTRUMENTO,19/09/2023,ALEXANDRE GONÇALVES LIPPEL,QUINTA TURMA,mantida,justiça federal,5.2,excluído Município ou Estado incluído de ofício,medicamento,,TRUE,,
50271657920234040000,TRF4,Acórdão,AG - AGRAVO DE INSTRUMENTO,19/09/2023,ALEXANDRE GONÇALVES LIPPEL,QUINTA TURMA,mantida,justiça estadual,5.2,compete à União o ressarcimento administrativo,atendimento médico domiciliar,,,,
50271821820234040000,TRF4,Acórdão,AG - AGRAVO DE INSTRUMENTO,19/09/2023,ALEXANDRE GONÇALVES LIPPEL,QUINTA TURMA,mantida,justiça estadual,5.1,repartição de competência,medicamento,,TRUE,oncológico,
50199159220234040000,TRF4,Acórdão,AG - AGRAVO DE INSTRUMENTO,19/09/2023,ALEXANDRE GONÇALVES LIPPEL,QUINTA TURMA,mantida,justiça estadual,5.1,grupo 1A,medicamento,,,,
50165892720234040000,TRF4,Acórdão,AG - AGRAVO DE INSTRUMENTO,19/09/2023,ALEXANDRE GONÇALVES LIPPEL,QUINTA TURMA,,,decisão recorrida anterior ao Tema 1234,,,situação anterior,,,
50230017120234040000,TRF4,Acórdão,AG - AGRAVO DE INSTRUMENTO,19/09/2023,ALEXANDRE GONÇALVES LIPPEL,QUINTA TURMA,,,decisão recorrida anterior ao Tema 1234,,,situação anterior,,,
50235464420234040000,TRF4,Acórdão,AG - AGRAVO DE INSTRUMENTO,19/09/2023,ALEXANDRE GONÇALVES LIPPEL,QUINTA TURMA,declinada,justiça estadual,5.2,inclusão da União no polo passivo de ofício,medicamento,,,,
50456913120224040000,TRF4,Acórdão,AG - AGRAVO DE INSTRUMENTO,19/09/2023,ALEXANDRE GONÇALVES LIPPEL,QUINTA TURMA,mantida,justiça estadual,5.1,compete à União o ressarcimento administrativo,atendimento médico domiciliar,,,,
50489477920224040000,TRF4,Acórdão,AG - AGRAVO DE INSTRUMENTO,19/09/2023,ALEXANDRE GONÇALVES LIPPEL,QUINTA TURMA,declinada,justiça estadual,5.2,inclusão da União no polo passivo de ofício,medicamento,,,,
50030482420234040000,TRF4,Acórdão,AG - AGRAVO DE INSTRUMENTO,19/09/2023,ALEXANDRE GONÇALVES LIPPEL,QUINTA TURMA,mantida,justiça estadual,5.1,repartição de competência,medicamento,,TRUE,,
50039593620234040000,TRF4,Acórdão,AG - AGRAVO DE INSTRUMENTO,19/09/2023,ALEXANDRE GONÇALVES LIPPEL,QUINTA TURMA,mantida,justiça estadual,5.1,grupo 1A,medicamento,,,,
50040364520234040000,TRF4,Acórdão,AG - AGRAVO DE INSTRUMENTO,19/09/2023,ALEXANDRE GONÇALVES LIPPEL,QUINTA TURMA,declinada,justiça estadual,5.2,inclusão da União por emenda à inicial,medicamento,,,,
50092510220234040000,TRF4,Acórdão,AG - AGRAVO DE INSTRUMENTO,19/09/2023,ALEXANDRE GONÇALVES LIPPEL,QUINTA TURMA,declinada,justiça estadual,5.2,inclusão da União no polo passivo de ofício,medicamento,,,,
50101536420204047208,TRF4,Acórdão,Apelação/Remessa Necessária,19/09/2023,SEBASTIÃO OGÊ MUNIZ,NONA TURMA,mantida,justiça federal,5.3,sentenciado,medicamento,,TRUE,,
50002077920224047214,TRF4,Acórdão,AC - APELAÇÃO CIVEL,19/09/2023,SEBASTIÃO OGÊ MUNIZ,NONA TURMA,mantida,justiça estadual,5.3,sentenciado,medicamento,,TRUE,,
50211327320234040000,TRF4,Acórdão,AG - AGRAVO DE INSTRUMENTO,19/09/2023,SEBASTIÃO OGÊ MUNIZ,NONA TURMA,mantida,justiça federal,5.2,proposta contra a União,medicamento,,,,
50210711820234040000,TRF4,Acórdão,AG - AGRAVO DE INSTRUMENTO,19/09/2023,SEBASTIÃO OGÊ MUNIZ,NONA TURMA,mantida,justiça federal,5.1,repartição de competência,medicamento,,TRUE,,
50210305120234040000,TRF4,Acórdão,AG - AGRAVO DE INSTRUMENTO,19/09/2023,SEBASTIÃO OGÊ MUNIZ,NONA TURMA,declinada,justiça estadual,5.2,inclusão da União no polo passivo de ofício,medicamento,,TRUE,ONCOLÓGICO,
50110670920214047204,TRF4,Acórdão,AC - APELAÇÃO CIVEL,19/09/2023,SEBASTIÃO OGÊ MUNIZ,NONA TURMA,mantida,justiça estadual,5.3,sentenciado,medicamento,,TRUE,,
50082497520214047207,TRF4,Acórdão,Apelação/Remessa Necessária,19/09/2023,SEBASTIÃO OGÊ MUNIZ,NONA TURMA,mantida,justiça federal,5.3,sentenciado,medicamento,,,,
50207862520234040000,TRF4,Acórdão,AG - AGRAVO DE INSTRUMENTO,19/09/2023,SEBASTIÃO OGÊ MUNIZ,NONA TURMA,declinada,justiça estadual,5.2,inclusão da União no polo passivo de ofício,medicamento,,,,
50226032720234040000,TRF4,Acórdão,AG - AGRAVO DE INSTRUMENTO,19/09/2023,SEBASTIÃO OGÊ MUNIZ,NONA TURMA,mantida,justiça estadual,5.1,repartição de competência,medicamento,,TRUE,,
50013477920214047216,TRF4,Acórdão,Apelação/Remessa Necessária,19/09/2023,SEBASTIÃO OGÊ MUNIZ,NONA TURMA,mantida,justiça federal,5.3,sentenciado,medicamento,,TRUE,,
50004315420214047213,TRF4,Acórdão,AC - APELAÇÃO CIVEL,19/09/2023,SEBASTIÃO OGÊ MUNIZ,NONA TURMA,mantida,justiça estadual,5.3,sentenciado,medicamento,,TRUE,,
50212929820234040000,TRF4,Acórdão,AG - AGRAVO DE INSTRUMENTO,19/09/2023,SEBASTIÃO OGÊ MUNIZ,NONA TURMA,mantida,justiça federal,5.2,proposta contra a União,medicamento,,TRUE,,
50207248220234040000,TRF4,Acórdão,AG - AGRAVO DE INSTRUMENTO,19/09/2023,SEBASTIÃO OGÊ MUNIZ,NONA TURMA,mantida,justiça federal,5.2,proposta contra a União,medicamento,,TRUE,,
50204623520234040000,TRF4,Acórdão,AG - AGRAVO DE INSTRUMENTO,19/09/2023,SEBASTIÃO OGÊ MUNIZ,NONA TURMA,mantida,justiça federal,5.2,proposta contra a União,medicamento,,TRUE,,
50193858820234040000,TRF4,Acórdão,AG - AGRAVO DE INSTRUMENTO,19/09/2023,SEBASTIÃO OGÊ MUNIZ,NONA TURMA,declinada,justiça estadual,5.2,inclusão da União no polo passivo de ofício,medicamento,,,,
50214557820234040000,TRF4,Acórdão,AG - AGRAVO DE INSTRUMENTO,19/09/2023,SEBASTIÃO OGÊ MUNIZ,NONA TURMA,mantida,justiça federal,5.1,grupo 1A,medicamento,,,,
50193798120234040000,TRF4,Acórdão,AG - AGRAVO DE INSTRUMENTO,19/09/2023,SEBASTIÃO OGÊ MUNIZ,NONA TURMA,declinada,justiça estadual,5.2,inclusão da União no polo passivo de ofício,medicamento,,,,
50027990420194047214,TRF4,Acórdão,AC - APELAÇÃO CIVEL,19/09/2023,SEBASTIÃO OGÊ MUNIZ,NONA TURMA,mantida,justiça estadual,5.3,sentenciado,medicamento,,,,
50021635420224047207,TRF4,Acórdão,AC - APELAÇÃO CIVEL,19/09/2023,SEBASTIÃO OGÊ MUNIZ,NONA TURMA,mantida,justiça federal,5.3,sentenciado,medicamento,,,,
50213552620234040000,TRF4,Acórdão,AG - AGRAVO DE INSTRUMENTO,19/09/2023,SEBASTIÃO OGÊ MUNIZ,NONA TURMA,mantida,justiça federal,5.2,proposta contra a União,medicamento,,TRUE,,
50228389120234040000,TRF4,Acórdão,AG - AGRAVO DE INSTRUMENTO,19/09/2023,SEBASTIÃO OGÊ MUNIZ,NONA TURMA,mantida,justiça federal,5.2,proposta contra a União,medicamento,,TRUE,,
50228553020234040000,TRF4,Acórdão,AG - AGRAVO DE INSTRUMENTO,19/09/2023,SEBASTIÃO OGÊ MUNIZ,NONA TURMA,mantida,justiça federal,5.2,proposta contra a União,medicamento,,,,
50215094420234040000,TRF4,Acórdão,AG - AGRAVO DE INSTRUMENTO,19/09/2023,SEBASTIÃO OGÊ MUNIZ,NONA TURMA,mantida,justiça federal,5.2,proposta contra a União,medicamento,,TRUE,,
50071222420234040000,TRF4,Acórdão,AG - AGRAVO DE INSTRUMENTO,19/09/2023,SEBASTIÃO OGÊ MUNIZ,NONA TURMA,,,,,,não analisou,,,
50233966320234040000,TRF4,Acórdão,AG - AGRAVO DE INSTRUMENTO,19/09/2023,SEBASTIÃO OGÊ MUNIZ,NONA TURMA,mantida,justiça federal,5.2,proposta contra a União,medicamento,,TRUE,,
50233082520234040000,TRF4,Acórdão,AG - AGRAVO DE INSTRUMENTO,19/09/2023,SEBASTIÃO OGÊ MUNIZ,NONA TURMA,mantida,justiça federal,5.2,proposta contra a União,medicamento,,,,
50152083420224047205,TRF4,Acórdão,AC - APELAÇÃO CIVEL,19/09/2023,SEBASTIÃO OGÊ MUNIZ,NONA TURMA,mantida,justiça federal,5.2,proposta contra a União,medicamento,,,,
50219485520234040000,TRF4,Acórdão,AG - AGRAVO DE INSTRUMENTO,19/09/2023,SEBASTIÃO OGÊ MUNIZ,NONA TURMA,mantida,justiça federal,5.2,proposta contra a União,medicamento,,,,
50014413620214047213,TRF4,Acórdão,AC - APELAÇÃO CIVEL,19/09/2023,SEBASTIÃO OGÊ MUNIZ,NONA TURMA,mantida,justiça federal,5.3,sentenciado,medicamento,,,,
50235931820234040000,TRF4,Acórdão,AG - AGRAVO DE INSTRUMENTO,19/09/2023,SEBASTIÃO OGÊ MUNIZ,NONA TURMA,mantida,justiça federal,5.2,proposta contra a União,medicamento,,TRUE,,
50226154120234040000,TRF4,Acórdão,PEDIDO DE EFEITO SUSPENSIVO À APELAÇÃO (TURMA),19/09/2023,SEBASTIÃO OGÊ MUNIZ,NONA TURMA,mantida,justiça federal,5.2,proposta contra a União,medicamento,,TRUE,,
50216384920234040000,TRF4,Acórdão,AG - AGRAVO DE INSTRUMENTO,19/09/2023,SEBASTIÃO OGÊ MUNIZ,NONA TURMA,mantida,justiça federal,5.2,proposta contra a União,medicamento,,TRUE,,
50319586120234040000,TRF4,DecisãoMonocrática,AG - AGRAVO DE INSTRUMENTO,18/09/2023,ADRIANE BATTISTI,SEXTA TURMA,mantida,justiça federal,5.1,compete à União o ressarcimento administrativo,procedimento de alta complexidade hospitalar,,,,
50318624620234040000,TRF4,DecisãoMonocrática,AG - AGRAVO DE INSTRUMENTO,18/09/2023,ADRIANE BATTISTI,SEXTA TURMA,declinada,justiça estadual,5.2,inclusão da União no polo passivo de ofício,medicamento,,,,
50324808820234040000,TRF4,DecisãoMonocrática,AG - AGRAVO DE INSTRUMENTO,18/09/2023,SEBASTIÃO OGÊ MUNIZ,NONA TURMA,mantida,justiça federal,5.2,proposta contra a União,medicamento,,,,
50288018020234040000,TRF4,DecisãoMonocrática,AG - AGRAVO DE INSTRUMENTO,18/09/2023,CLÁUDIA CRISTINA CRISTOFANI,DÉCIMA TURMA,mantida,justiça estadual,5.1,repartição de competência,medicamento,,TRUE,,
50324886520234040000,TRF4,DecisãoMonocrática,AG - AGRAVO DE INSTRUMENTO,18/09/2023,ALTAIR ANTONIO GREGÓRIO,SEXTA TURMA,,,,,,não analisou,,,